firm_llc_id,sector,founded_year,employees_fte,annual_tech_spend,capital_invested,profit_margin_percent,online_revenue_share_percent,total_quarterly_labor_hours,quarterly_revenue_2023_Q1,quarterly_revenue_2023_Q2,quarterly_revenue_2023_Q3,quarterly_revenue_2023_Q4,quarterly_revenue_2024_Q1,quarterly_revenue_2024_Q2,quarterly_revenue_2024_Q3,quarterly_revenue_2024_Q4,quarterly_revenue_2025_Q1,quarterly_revenue_2025_Q2,quarterly_revenue_2025_Q3,quarterly_revenue_2025_Q4,tech_tools_list,tools_frequency_of_use,n_tools,tls_raw,tls_scaled
Upwork (UPWK),Tech,2015,2100000,85000000.0,50000000.0,3.5,100,336000000,503600000,508400000,515700000,526300000,510900000,499300000,515000000,530000000,545000000,560000000,0,0,"AWS, React, Python, Kafka, PostgreSQL, DataDog, Splunk, GitHub, Jira",High,9,2.2767857142857144,2276.785714285714
BigCommerce (BIGC),Tech,2009,2300000,120000000.0,65000000.0,-6.2,100,368000000,72000000,75400000,78000000,84200000,80400000,84300000,88000000,92500000,96000000,100000000,0,0,"AWS, Google Cloud, PHP, React, Kubernetes, MySQL, New Relic, GitLab",High,8,2.608695652173913,2608.695652173913
Jamf Holding (JAMF),Tech,2002,2800000,95000000.0,40000000.0,-5.8,100,448000000,140800000,150100000,150600000,150900000,152100000,156700000,160000000,163000000,166000000,169000000,0,0,"AWS, Azure, Python, Swift, Kafka, PostgreSQL, Jenkins, Jira",High,8,1.6964285714285714,1696.4285714285713
Asana (ASAN),Tech,2008,1900000,110000000.0,70000000.0,-34.0,100,304000000,152400000,162500000,166500000,171100000,171400000,172900000,176000000,180000000,184000000,188000000,0,0,"Proprietary ""Luna"" DB, React, TypeScript, AWS, Kafka, Presto, Figma, GitHub",High,8,2.8947368421052633,2894.7368421052633
Array Technologies (ARRY),Tech,1989,1400000,18000000.0,25000000.0,7.1,15,224000000,376000000,500600000,350400000,341600000,153400000,326400000,360000000,400000000,220000000,380000000,0,0,"SAP, SolidWorks, Salesforce, Tableau, Python, AWS IoT",Medium,6,0.48214285714285715,482.14285714285717
Shoals Technologies (SHLS),Tech,1996,1200000,12000000.0,40000000.0,21.5,10,192000000,105200000,134600000,119900000,130400000,90400000,79100000,85000000,95000000,100000000,110000000,0,0,"AutoCAD, PLM systems, SAP, Salesforce, AWS",Low-Medium,5,0.3125,312.5
FuelCell Energy (FCEL),Tech,1969,1000000,20000000.0,30000000.0,-20.0,0,520000,22200000,25100000,28400000,30100000,32500000,35200000,38000000,40500000,43000000,45800000,0,0,"AWS, Python, MATLAB, Simulink, ANSYS, SolidWorks",Medium,6,230.76923076923077,230769.23076923078
Desktop Metal (DM),Tech,2015,800000,25000000.0,40000000.0,-15.5,20,416000,45300000,48100000,50200000,52600000,54800000,57200000,59500000,62000000,64500000,67200000,0,0,"SolidWorks, ANSYS, Python, AWS, Kubernetes, GitLab",High,6,360.5769230769231,360576.9230769231
Proto Labs (PRLB),Tech,1999,2100000,18000000.0,22000000.0,8.2,85,1092000,122400000,125600000,128900000,131200000,133500000,136800000,139100000,142400000,145700000,149100000,0,0,"AWS, Python, CAD/CAM, SAP, Tableau, Jira",High,6,98.9010989010989,98901.0989010989
iRhythm Technologies (IRTC),Tech,2006,1400000,30000000.0,45000000.0,-12.3,90,728000,110500000,115200000,119800000,124500000,129300000,134200000,139100000,144000000,149000000,154100000,0,0,"AWS, Python, TensorFlow, PostgreSQL, React, GitHub",High,6,247.25274725274724,247252.74725274724
Cloudflare (NET),Tech,2009,3500000,150000000.0,200000000.0,-5.8,100,1820000,290100000,305400000,320800000,336500000,352300000,368200000,384300000,400500000,417000000,433700000,0,0,"Proprietary CDN, Rust, Go, Kubernetes, PostgreSQL, DataDog",High,6,494.5054945054945,494505.4945054945
Fastly (FSLY),Tech,2011,1300000,80000000.0,100000000.0,-18.5,100,676000,102500000,108300000,114200000,120100000,126200000,132400000,138700000,145100000,151600000,158200000,0,0,"AWS, Terraform, Go, Varnish, New Relic, GitHub",High,6,710.0591715976332,710059.1715976332
MongoDB (MDB),Tech,2007,5200000,220000000.0,180000000.0,-7.4,100,2704000,368400000,388200000,408900000,430500000,452200000,474800000,498300000,522800000,547400000,573100000,0,0,"Proprietary DB, AWS, Kubernetes, Python, DataDog, Jira",High,6,488.1656804733728,488165.6804733728
Zebra Technologies (ZBRA),Tech,1969,10500000,120000000.0,150000000.0,10.5,40,5460000,1450000000,1480000000,1510000000,1540000000,1570000000,1600000000,1630000000,1660000000,1690000000,1720000000,0,0,"AWS, Java, SAP, Tableau, Salesforce, IoT Edge",Medium,6,131.86813186813185,131868.13186813187
Rockwell Automation (ROK),Tech,1903,26000000,250000000.0,300000000.0,13.2,25,13520000,2120000000,2180000000,2240000000,2300000000,2360000000,2420000000,2480000000,2540000000,2600000000,2660000000,0,0,"Azure, Python, Ignition, SAP, Tableau, Studio 5000",Medium,6,110.94674556213018,110946.74556213018
Etsy (ETSY),Tech,2005,2400000,110000000.0,90000000.0,12.8,100,1248000,640500000,655200000,670100000,685200000,700500000,716000000,731700000,747600000,763700000,780000000,0,0,"AWS, React, Python, Kafka, PostgreSQL, GitHub",High,6,528.8461538461538,528846.1538461538
Chewy (CHWY),Tech,2011,21000000,180000000.0,220000000.0,-2.5,100,10920000,2780000000,2850000000,2920000000,2990000000,3060000000,3130000000,3200000000,3270000000,3340000000,3410000000,0,0,"AWS, Java, Kafka, React, Tableau, Jenkins",High,6,98.9010989010989,98901.0989010989
Bloom Energy (BE),Tech,2001,2800000,95000000.0,120000000.0,-8.9,5,1456000,275300000,290100000,305200000,320600000,336300000,352300000,368600000,385200000,402100000,419300000,0,0,"AWS, Python, MATLAB, SolidWorks, SAP, DataDog",Medium,6,391.4835164835165,391483.5164835165
Quanta Services (PWR),Tech,1997,48000000,350000000.0,400000000.0,5.8,10,24960000,5120000000,5250000000,5380000000,5510000000,5640000000,5770000000,5900000000,6030000000,6160000000,6290000000,0,0,"SAP, Oracle, AutoCAD, AWS, Tableau, GIS tools",Medium,6,84.13461538461539,84134.61538461539
SunPower (SPWR),Tech,1985,3000000,60000000.0,80000000.0,-4.2,30,1560000,430500000,445200000,460100000,475200000,490500000,506000000,521700000,537600000,553700000,570000000,0,0,"AWS, Python, Salesforce, SAP, Tableau, Jira",Medium,6,230.76923076923077,230769.23076923078
Enphase Energy (ENPH),Tech,2006,3800000,140000000.0,160000000.0,18.5,40,1976000,726100000,750200000,774800000,799900000,825500000,851600000,878200000,905300000,932900000,961000000,0,0,"AWS, Python, IoT Stack, PostgreSQL, React, GitHub",High,6,425.1012145748988,425101.21457489877
3D Systems (DDD),Tech,1986,2100000,35000000.0,50000000.0,-9.8,25,1092000,126400000,130200000,134100000,138100000,142200000,146400000,150700000,155100000,159600000,164200000,0,0,"SolidWorks, Python, AWS, SAP, GitLab, Jira",Medium,6,192.30769230769232,192307.6923076923
Stratasys (SSYS),Tech,1989,2400000,40000000.0,55000000.0,-6.5,30,1248000,162300000,167200000,172200000,177300000,182500000,187800000,193200000,198700000,204300000,210000000,0,0,"AWS, Python, CAD, SAP, Tableau, GitHub",Medium,6,192.30769230769232,192307.6923076923
Dexcom (DXCM),Tech,1999,8500000,200000000.0,250000000.0,15.3,20,4420000,815600000,840100000,865200000,890900000,917200000,944100000,971600000,999700000,1028400000,1057700000,0,0,"AWS, Python, React, PostgreSQL, DataDog, Jira",High,6,271.49321266968326,271493.2126696833
Insulet (PODD),Tech,2000,4200000,90000000.0,110000000.0,9.8,15,2184000,395400000,407300000,419500000,432000000,444800000,457900000,471300000,485000000,499000000,513300000,0,0,"AWS, Python, SAP, Salesforce, Tableau, GitHub",Medium,6,247.25274725274724,247252.74725274724
Twilio (TWLO),Tech,2008,7000000,180000000.0,220000000.0,-12.0,100,3640000,1020000000,1050000000,1080000000,1110000000,1140000000,1170000000,1200000000,1230000000,1260000000,1290000000,0,0,"AWS, Node.js, React, Kafka, DataDog, GitHub",High,6,296.7032967032967,296703.2967032967
Plug Power (PLUG),Clean Tech,1997,3400,45000000.0,120000000.0,-32.5,5,353600,210200000,198400000,185700000,222600000,120300000,135200000,148700000,167400000,184200000,202600000,0,0,"AWS, Python, MATLAB, CAD, SolidWorks",Medium,5,636.3122171945702,636312.2171945701
Sunrun (RUN),Clean Tech,2007,5200,65000000.0,180000000.0,-8.0,25,540800,590300000,612400000,632100000,651800000,525600000,543200000,560900000,579400000,598700000,618900000,0,0,"Salesforce, AWS, Python, Tableau, Jira",High,5,600.9615384615385,600961.5384615385
Sunnova (NOVA),Clean Tech,2012,2100,38000000.0,150000000.0,-22.0,30,218400,148600000,161200000,174500000,188700000,163400000,177200000,191600000,206900000,223200000,240500000,0,0,"AWS, Salesforce, Python, Tableau",Medium,4,695.9706959706959,695970.6959706959
Sunlight Financial (SUNL),FinTech,2014,320,12000000.0,45000000.0,-46.0,95,33280,22400000,24800000,27300000,30100000,15600000,17200000,18900000,20800000,22900000,25200000,0,0,"AWS, Python, React, PostgreSQL, FastAPI",High,5,1802.8846153846155,1802884.6153846155
Sunnova (NOVA),Clean Tech,2012,2100,38000000.0,150000000.0,-22.0,30,218400,148600000,161200000,174500000,188700000,163400000,177200000,191600000,206900000,223200000,240500000,0,0,"AWS, Salesforce, Python, Tableau",Medium,4,695.9706959706959,695970.6959706959
Palantir (PLTR),Enterprise Tech,2003,3800,180000000.0,250000000.0,5.0,40,395200,525200000,533300000,558200000,608400000,634300000,642800000,652400000,664300000,676500000,689100000,0,0,"Proprietary, Python, AWS, Spark, K8s",High,5,2277.327935222672,2277327.935222672
C3.ai (AI),Enterprise Tech,2009,850,95000000.0,120000000.0,-31.0,100,88400,72400000,72300000,73200000,78400000,66800000,67400000,72400000,73800000,75300000,76800000,0,0,"AWS, Python, TensorFlow, PostgreSQL",High,4,4298.6425339366515,4298642.533936651
UiPath (PATH),Enterprise Tech,2005,4100,160000000.0,220000000.0,-9.0,100,426400,289700000,308500000,325900000,336500000,335100000,359600000,384600000,405400000,426800000,449000000,0,0,".NET, AWS, Azure, Python, React",High,5,1876.172607879925,1876172.607879925
SentinelOne (S),Cybersecurity,2013,2300,140000000.0,180000000.0,-43.0,100,239200,133400000,149400000,164200000,174200000,186300000,204300000,223900000,234700000,246400000,258800000,0,0,"AWS, Go, Python, K8s, PostgreSQL",High,5,2926.4214046822744,2926421.4046822744
CrowdStrike (CRWD),Cybersecurity,2011,8900,320000000.0,450000000.0,3.0,100,925600,692600000,731600000,786000000,845300000,921000000,945800000,971300000,1030900000,1051500000,1072500000,0,0,"AWS, Python, Go, K8s, Kafka",High,5,1728.608470181504,1728608.4701815038
Snowflake (SNOW),Enterprise Tech,2012,6200,280000000.0,350000000.0,-17.0,100,644800,623600000,674000000,734200000,774700000,828800000,869400000,911800000,957400000,1004300000,1054500000,0,0,"Proprietary, AWS, Azure, Python",High,4,1736.9727047146403,1736972.7047146403
Datadog (DDOG),Enterprise Tech,2010,5400,220000000.0,280000000.0,8.0,100,561600,481700000,509500000,547500000,589600000,611600000,642200000,673400000,706100000,740400000,775400000,0,0,"AWS, Go, Python, Kafka, K8s",High,5,1958.6894586894587,1958689.4586894587
Okta (OKTA),Enterprise Tech,2009,6100,210000000.0,300000000.0,-15.0,100,634400,518000000,556000000,584000000,605000000,617000000,628000000,640000000,652000000,665000000,679000000,0,0,"AWS, Java, React, K8s, PostgreSQL",High,5,1655.1071878940731,1655107.187894073
DocuSign (DOCU),Enterprise Tech,2003,7400,250000000.0,320000000.0,3.0,100,769600,661400000,687700000,700400000,712500000,659600000,687400000,716000000,740800000,766100000,792200000,0,0,"AWS, .NET, React, Kafka, K8s",High,5,1624.2203742203742,1624220.3742203743
Zoom (ZM),Enterprise Tech,2011,7200,240000000.0,280000000.0,12.0,100,748800,1105000000,1138900000,1141800000,1127500000,1125300000,1138800000,1152500000,1166500000,1180800000,1195300000,0,0,"AWS, Python, React, K8s, PostgreSQL",High,5,1602.5641025641025,1602564.1025641025
Roku (ROKU),Consumer Tech,2002,3600,180000000.0,220000000.0,-17.0,85,374400,740500000,847200000,912000000,865300000,941000000,846000000,761000000,832000000,860000000,890000000,0,0,"AWS, Python, React, Kafka, K8s",High,5,2403.846153846154,2403846.153846154
Unity (U),Enterprise Tech,2004,8000,290000000.0,350000000.0,-24.0,95,832000,500300000,533500000,544200000,609800000,486400000,447000000,457400000,403000000,410000000,418000000,0,0,"Proprietary, AWS, Python, Git",High,4,1394.2307692307693,1394230.7692307692
Roblox (RBLX),Consumer Tech,2004,2100,280000000.0,400000000.0,-19.0,100,218400,655300000,680800000,713200000,749900000,801300000,835100000,869600000,905000000,941200000,978800000,0,0,"AWS, Lua, C++, K8s, Redis",High,5,6410.25641025641,6410256.41025641
Twilio (TWLO),Enterprise Tech,2008,7000,180000000.0,220000000.0,-12.0,100,728000,1020000000,1050000000,1080000000,1110000000,1140000000,1170000000,1200000000,1230000000,1260000000,1290000000,0,0,"AWS, Node.js, React, Kafka",High,4,989.010989010989,989010.989010989
Bill.com (BILL),FinTech,2006,3200,120000000.0,180000000.0,-3.0,100,332800,272600000,295900000,319500000,318500000,296000000,299900000,304800000,310800000,316800000,323100000,0,0,"AWS, Python, React, PostgreSQL",High,4,1442.3076923076924,1442307.6923076925
Zscaler (ZS),Cybersecurity,2007,8696,899000000.0,230000000.0,-2.5,100,18087680,509112714,521840532,534886546,548258709,561965177,576014306,590414664,605175031,620304406,635812017,651707317,668000000,"AWS, Python, Kubernetes, Go, Zero Trust Exchange",High,5,248.5116941476187,248511.6941476187
CyberArk Software (CYBR),Cybersecurity,1999,3793,280000000.0,60000000.0,-7.2,90,7889440,234786915,241830522,249085438,256558001,264254741,272182383,280347855,288758291,297421039,306343670,315533981,325000000,"AWS, Databricks, PostgreSQL, Hadoop, Venafi",High,5,177.45239205824495,177452.39205824496
Check Point Software (CHKP),Cybersecurity,1993,8300,464000000.0,30000000.0,30.5,85,17264000,548909524,559887715,571085469,582507178,594157322,606040468,618161278,630524503,643134993,655997693,669117647,682500000,"AWS, Azure GCP, Harmony SASE, Python",High,4,107.50695088044486,107506.95088044486
Akamai Technologies (AKAM),Cybersecurity,1998,11161,906000000.0,900000000.0,11.0,100,23214880,828390930,844958749,861857924,879095082,896676984,914610524,932902734,951560789,970592005,990003845,1009803922,1030000000,"AWS, Linode Cloud, Kubernetes, CDN edge infra",High,4,156.10677289738305,156106.77289738305
F5 Inc (FFIV),Cybersecurity,1996,6462,556000000.0,43000000.0,22.4,70,13440960,620911173,633329396,645995984,658915904,672094222,685536106,699246828,713231765,727496400,742046328,756887255,772025000,"AWS, Azure, NGINX, BIG-IP, Kubernetes",High,5,206.8304644906316,206830.46449063162
Rapid7 (RPD),Cybersecurity,2000,2613,192000000.0,15000000.0,1.1,85,5435040,163708699,167801417,171996452,176296363,180703772,185221367,189851901,194598199,199463153,204449732,209560976,214800000,"AWS, InsightCloud, Metasploit, Jira",High,4,141.3053077806235,141305.3077806235
Qualys (QLYS),Cybersecurity,1999,1055,120000000.0,20000000.0,30.6,95,2194400,125506192,128643847,131859943,135156442,138535353,141998736,145548705,149187422,152917108,156740036,160658537,164675000,"AWS, Enterprise TruRisk Platform, cloud agents",High,3,164.05395552314982,164053.95552314984
Tenable Holdings (TENB),Cybersecurity,2002,1995,224000000.0,15000000.0,-2.0,85,4149600,171482576,175769640,180163881,184667978,189284678,194016795,198867215,203838895,208934867,214158239,219512195,225000000,"AWS, Nessus, Tenable One, Hexa AI",High,4,215.92442645074223,215924.42645074223
Varonis Systems (VRNS),Cybersecurity,2005,2500,210000000.0,20000000.0,-5.0,90,5200000,125364501,127871791,130429227,133037812,135698568,138412539,141180790,144004406,146884494,149822184,152818627,155875000,"AWS, Azure, GCP, Athena AI, Salesforce, ServiceNow",High,6,242.30769230769232,242307.6923076923
Gen Digital (GEN),Cybersecurity,1982,3500,564000000.0,80000000.0,24.0,98,7280000,945009071,963909252,983187437,1002851186,1022908210,1043366374,1064233702,1085518376,1107228743,1129373318,1151960784,1175000000,"AWS, Norton, LifeLock, Avast platform, e-commerce stack",High,5,387.3626373626374,387362.6373626374
NetScout Systems (NTCT),Cybersecurity,1984,2073,160000000.0,15000000.0,-30.0,40,4311840,184418605,186262791,188125419,190006673,191906740,193825807,195764065,197721706,199698923,201695912,203712871,205750000,"Arbor, nGeniusONE, Omnis Cyber Investigator, packet systems",Medium,4,148.42851311736985,148428.51311736985
KnowBe4 (KNBE),Cybersecurity,2010,2356,86000000.0,15000000.0,8.0,95,4900480,85787527,88361152,91011987,93742347,96554617,99451255,102434793,105507837,108673072,111933264,115291262,118750000,"AWS, Ruby on Rails, PostgreSQL, React",High,4,70.19720517173828,70197.20517173827
Cloudflare (NET),Cybersecurity,2009,5156,491000000.0,350000000.0,-4.7,100,10724480,391913543,403670949,415781077,428254510,441102145,454335209,467965266,482004223,496464350,511358281,526699029,542500000,"AWS, Go, Rust, Kubernetes, Workers",High,5,228.915527839112,228915.527839112
Verint Systems (VRNT),Cybersecurity,1994,3800,130000000.0,20000000.0,2.0,70,7904000,127868566,131704623,135655762,139725434,143917198,148234713,152681755,157262207,161980074,166839476,171844660,177000000,"AWS, Azure, AI/ML analytics platform, Salesforce",Medium,4,65.78947368421052,65789.47368421052
PayPal Holdings (PYPL),FinTech,1998,23800,3317000000.0,800000000.0,15.8,100,49504000,7040203303,7145806353,7252993448,7361788350,7472215175,7584298403,7698062879,7813533822,7930736829,8049697882,8170443350,8293000000,"AWS, GCP, Java, Kubernetes, Kafka",High,5,335.02343244990305,335023.43244990305
Block Inc (XYZ),FinTech,2009,8000,2519000000.0,150000000.0,10.0,100,16640000,4604405899,4696494017,4790423897,4886232375,4983957023,5083636163,5185308886,5289015064,5394795365,5502691273,5612745098,5725000000,"AWS, GCP, Java, Kotlin, Kubernetes, Cash App platform",High,6,908.2932692307693,908293.2692307692
SoFi Technologies (SOFI),FinTech,2011,6100,648000000.0,80000000.0,13.3,100,12688000,652527018,672102829,692265913,713033891,734424908,756457655,779151384,802525926,826601704,851399755,876941748,903250000,"AWS, Galileo platform, Technisys, Kubernetes",High,4,204.2875157629256,204287.5157629256
Coinbase Global (COIN),FinTech,2012,4951,1600000000.0,100000000.0,18.1,100,10298080,1383935625,1411614337,1439846624,1468643556,1498016427,1527976756,1558536291,1589707017,1621501157,1653931180,1687009804,1720750000,"AWS, Go, Ethereum, Ruby on Rails, Kubernetes",High,5,776.8438388515141,776843.838851514
Affirm Holdings (AFRM),FinTech,2012,2206,590000000.0,192000000.0,1.6,100,4588480,523562231,544504720,566284909,588936305,612493757,636993508,662473248,688972178,716531065,745192308,775000000,806000000,"AWS, Python, React, Kubernetes",High,4,514.3315433433294,514331.5433433294
Robinhood Markets (HOOD),FinTech,2013,3800,700000000.0,50000000.0,38.0,100,7904000,441000000,486000000,467000000,471000000,618000000,682000000,635000000,1010000000,927000000,989000000,1270000000,1450000000,"AWS, Python, React Native, Kubernetes",High,4,354.251012145749,354251.01214574894
Upstart Holdings (UPST),FinTech,2012,1300,220000000.0,15000000.0,5.2,100,2704000,112860000,117990000,133380000,148770000,127794000,127630000,162140000,216436000,213371000,257291000,277105000,296000000,"AWS, Python, TensorFlow, AI lending models",High,4,325.4437869822485,325443.78698224854
Toast Inc (TOST),FinTech,2011,6500,800000000.0,110000000.0,5.6,85,13520000,999217868,1039186583,1080754046,1123984208,1168943576,1215701319,1264329372,1314902547,1367498649,1422198595,1479086538,1538250000,"AWS, Kafka, Java, React, POS hardware/software stack",High,5,295.85798816568047,295857.9881656805
Marqeta Inc (MQ),FinTech,2010,700,63000000.0,10000000.0,-2.0,100,1456000,162281040,169042750,169042750,175804460,117968000,125270000,127967000,135795000,139073000,150392000,163306000,176000000,"AWS, Java, card issuing APIs, Kubernetes",Medium,4,173.07692307692307,173076.92307692306
Shift4 Payments (FOUR),FinTech,1999,6300,376000000.0,120000000.0,8.0,70,13104000,550492964,583522542,618533894,655645928,694984684,736683765,780884791,827737878,877402151,930046280,985849057,1045000000,"AWS, .NET, payment gateway stack, POS hardware/software",Medium,4,114.77411477411478,114774.11477411477
Jack Henry & Associates (JKHY),FinTech,1976,7300,238000000.0,90000000.0,17.5,60,15184000,496017090,516684468,516684468,537351847,529801920,554636385,571192695,559912000,563173120,589571860,607171020,615372000,"AWS, Azure, SilverLake, Symitar, Banno Digital Platform",High,5,78.37197049525817,78371.97049525817
ServiceNow Inc (NOW),Enterprise Tech,2004,29187,2700000000.0,600000000.0,13.5,95,60708960,2133606557,2153278689,2153278689,2443801653,2603000000,2627000000,2627000000,2957000000,3088000000,3215000000,3407000000,3577000000,"AWS, Azure, GCP, Java, AngularJS, Now Platform",High,6,266.8469365971679,266846.93659716786
Workday Inc (WDAY),Enterprise Tech,2005,21000,1900000000.0,250000000.0,7.3,92,43680000,1920178006,1958581566,1997753197,2037708261,2078462426,2120031675,2162432308,2205680955,2249794574,2294790465,2340686275,2387500000,"AWS, GCP, Java, Workday Extend, Object Management Server",High,5,217.49084249084248,217490.84249084248
Salesforce Inc (CRM),Enterprise Tech,1999,76453,5761000000.0,658000000.0,19.0,90,159022240,8023873874,8365315315,8536036036,9218918919,8906500000,9285500000,9475000000,10233000000,9750000000,10140000000,10259000000,11001000000,"AWS, Java, Apex, Lightning Platform, Heroku, Agentforce AI",High,6,217.3658225415514,217365.8225415514
Adobe Inc (ADBE),Enterprise Tech,1982,31360,4290000000.0,179000000.0,30.0,88,65228800,4529045368,4642271502,4758328290,4877286497,4999218659,5124199126,5252304104,5383611707,5518201999,5656157049,5797560976,5942500000,"AWS, Azure, Creative Cloud, Firefly AI, C++, Python",High,6,394.6109693877551,394610.96938775515
Atlassian Corp (TEAM),Enterprise Tech,2002,13813,2670000000.0,80000000.0,-4.9,98,28731040,846891140,880766785,915997457,952637355,990742849,1030372563,1071587465,1114450964,1159029003,1205390163,1253605769,1303750000,"AWS, Java, Jira, Confluence, Kubernetes",High,5,464.6542554672577,464654.2554672577
HubSpot Inc (HUBS),Enterprise Tech,2006,8882,906000000.0,20000000.0,1.5,95,18474560,559876489,576672784,593972968,611792157,630145921,649050299,668521808,688577462,709234786,730511830,752427184,775000000,"AWS, HubSpot CRM Platform, React, Java",High,4,196.1616406561239,196161.6406561239
Oracle Corporation (ORCL),Enterprise Tech,1977,162000,9860000000.0,21220000000.0,21.7,86,336960000,12182191897,12364924775,12550398647,12738654627,12929734446,13123680463,13320535670,13520343705,13723148860,13928996093,14137931034,14350000000,"OCI, Java, Oracle Database, Exadata, AI infrastructure",High,5,146.30816714150046,146308.16714150045
Dropbox Inc (DBX),Enterprise Tech,2007,4149,732000000.0,21000000.0,20.2,100,8629920,622622179,622622179,625122669,630123651,631300000,634500000,638800000,643600000,624700000,625700000,634400000,640000000,"AWS, Python, Go, Rust, Dash AI",High,5,424.1059013293287,424105.90132932866
Box Inc (BOX),Enterprise Tech,2005,2170,265000000.0,15000000.0,7.4,98,4513600,236705269,241439374,246268162,251193525,256217395,261341743,266568578,271899950,277337949,282884708,288542402,294313250,"AWS, Box AI, Python, Java, Kubernetes",High,5,293.5572492024105,293557.2492024105
Dynatrace Inc (DT),Enterprise Tech,2005,5200,482000000.0,32000000.0,8.4,95,10816000,313422799,325959711,338998100,352558024,366660345,381326759,396579829,412443022,428940743,446098373,463942308,482500000,"AWS, Azure, GCP, Java, AI observability platform",High,5,222.8180473372781,222818.0473372781
RingCentral Inc (RNG),Enterprise Tech,1999,4429,329000000.0,20000000.0,1.7,100,9212320,551463198,558080757,564777726,571555059,578413719,585354684,592378940,599487487,606681337,613961513,621329051,628785000,"AWS, RingEX, RingSense AI, Java, Kubernetes",High,5,178.56522569776126,178565.22569776126
monday.com Ltd (MNDY),Enterprise Tech,2012,3155,231000000.0,15000000.0,9.6,100,6562400,167831000,175128000,182425000,204316000,237736190,241338254,251587302,241338254,278928000,302172000,317000000,333900000,"AWS, GCP, Kubernetes, AI work platform",High,4,140.80214555650372,140802.1455565037
Confluent Inc (CFLT),Enterprise Tech,2014,3600,350000000.0,25000000.0,-8.0,95,7488000,199490439,206472604,213699146,221178616,228919867,236932063,245224685,253807549,262690813,271884991,281400966,291250000,"AWS, Apache Kafka, Java, Scala, Kubernetes",High,5,233.70726495726495,233707.26495726497
GitLab Inc (GTLB),Enterprise Tech,2014,2200,306000000.0,5000000.0,-2.6,100,4576000,90925951,97290768,104101121,111388200,124261210,132959494,142266659,152225325,204682815,219010612,234341355,250745250,"AWS, GCP, Ruby on Rails, Go, Kubernetes",High,5,334.3531468531468,334353.14685314684
Procore Technologies (PCOR),Enterprise Tech,2002,4421,291000000.0,15000000.0,-2.5,95,9195680,226460177,234386283,242589803,251080446,259868261,268963651,278377378,288120587,298204807,308641975,319444444,330625000,"AWS, Ruby on Rails, React, Construction OS platform",High,4,126.58117724844709,126581.17724844709
Pinterest Inc (PINS),Consumer Tech,2010,5265,675000000.0,40000000.0,7.9,100,10951200,733305689,762637916,793143433,824869170,875185640,910193066,946600788,984464820,1013346582,1053880446,1096035663,1139877090,"AWS, GCP, Java, React Native, visual search AI",High,5,308.1854043392505,308185.4043392505
Snap Inc (SNAP),Consumer Tech,2011,5261,1186000000.0,110000000.0,-7.8,100,10942880,1127578766,1161406129,1196248313,1232135762,1312472342,1351846512,1392401908,1434173965,1452020562,1495581179,1540448614,1586662072,"AWS, GCP, Snap AR/Lens platform, Swift, Kotlin",High,5,541.9048733057476,541904.8733057476
Match Group Inc (MTCH),Consumer Tech,2009,2600,488000000.0,60000000.0,15.0,100,5408000,845206920,849432955,853680119,857948520,874063499,878433816,882825985,887240115,876028988,880409133,884811179,889235235,"AWS, GCP, iOS/Android native, Tinder/Hinge/Match platforms",Medium,4,360.94674556213016,360946.7455621302
Bumble Inc (BMBL),Consumer Tech,2014,560,174000000.0,15000000.0,-35.0,100,1164800,252746540,257801471,262957500,268216650,257507449,262657598,267910750,273268965,242057002,241644990,246200000,238814000,"AWS, iOS/Android native, matching algorithms",Medium,3,448.1456043956044,448145.6043956044
Duolingo Inc (DUOL),Consumer Tech,2011,900,229000000.0,15000000.0,12.0,100,1872000,115919353,125192901,135208333,146025000,163291292,176354595,190462963,205700000,227036021,245198903,264814815,286000000,"AWS, Python, Kotlin, Swift, AI/ML language models",High,5,611.6452991452992,611645.2991452992
Yelp Inc (YELP),Consumer Tech,2004,5168,314000000.0,25000000.0,11.0,100,10749440,330923497,334232732,337575059,340950810,349486529,352981394,356511208,360076320,362577077,366202848,369864876,373563525,"AWS, Python, Java, Yelp Assistant AI",Medium,4,116.84329602286259,116843.29602286259
TripAdvisor Inc (TRIP),Consumer Tech,2000,2590,303000000.0,30000000.0,4.5,100,5387200,440361495,442563303,444776119,447000000,451936993,454196678,456467662,458750000,465729076,468057721,470398010,472750000,"AWS, Java, metasearch algorithms, Viator/TheFork platforms",Medium,4,224.977724977725,224977.72497772498
Chegg Inc (CHGG),Consumer Tech,2005,700,75000000.0,8000000.0,-25.0,100,1456000,205850000,199674500,193684265,116791235,176525000,162403000,149410760,125661240,108387500,92129375,78309969,98173156,"AWS, Python, AI homework-help tools, CheggMate",Medium,4,206.04395604395606,206043.95604395604
Coursera Inc (COUR),Consumer Tech,2012,1307,136000000.0,5000000.0,-6.7,100,2718560,157271242,160416667,163625000,166897500,171840723,175277537,178783088,182358750,182419542,186980031,191654532,196445895,"AWS, GenAI Coach/Role Play/Course Builder, Python",High,3,150.07945382849744,150079.45382849744
Shutterstock Inc (SSTK),Consumer Tech,2003,1565,139000000.0,25000000.0,4.6,100,3255200,215223921,218452280,221729064,225055000,230309788,233764435,237270901,240829965,243770641,247427200,251138608,254905688,"AWS, cloud-based creative platform, AI content generation",Medium,3,128.10272794298353,128102.72794298353
CarGurus Inc (CARG),Consumer Tech,2006,1218,136000000.0,20000000.0,21.7,100,2533440,172961774,178150627,183495146,189000000,191699299,197450278,203373786,209475000,217883790,224420304,231152913,238087500,"AWS, marketplace platform, AI pricing tools",Medium,3,161.0458507010231,161045.85070102313
First Solar Inc (FSLR),Clean Tech,1999,7900,303000000.0,900000000.0,25.0,15,16432000,1015382087,1035689729,1056403523,1077531594,1099082226,1121063870,1143485147,1166354850,1189681947,1213475586,1237745098,1262500000,"CdTe thin-film manufacturing systems, MES/ERP, SAP",Medium,3,55.3188899707887,55318.8899707887
Generac Holdings Inc (GNRC),Clean Tech,1959,9400,216000000.0,150000000.0,10.0,10,19552000,970270424,979973128,989772860,999670588,1009667294,1019763967,1029961607,1040261223,1050663835,1061170473,1071782178,1082500000,"SAP, PLM systems, IoT-enabled generator monitoring",Low,3,33.14238952536825,33142.38952536825
EVgo Inc (EVGO),Clean Tech,2010,331,38000000.0,180000000.0,-15.0,40,688480,56129212,58935672,61882456,64976579,68225408,71636678,75218512,78979438,82928409,87074830,91428571,96000000,"charging network software, mobile app, AWS",Medium,3,165.58215198698582,165582.15198698582
ChargePoint Holdings (CHPT),Clean Tech,2007,1523,67000000.0,15000000.0,-50.0,35,3167840,93441748,94376165,95319927,96273126,97235857,98208216,99190298,100182201,101184023,102195863,103217822,104250000,"cloud-enabled charging network software, mobile app",Medium,2,42.3001161674832,42300.116167483204
Ameresco Inc (AMRC),Clean Tech,2000,1601,76000000.0,50000000.0,3.0,5,3330080,382024944,389665442,397458751,405407926,413516085,421786407,430222135,438826577,447603109,456555171,465686275,475000000,"energy management systems, SCADA, project engineering software",Low,3,68.46682361985297,68466.82361985298
Ormat Technologies Inc (ORA),Clean Tech,1965,1648,58000000.0,200000000.0,18.0,2,3427840,246190638,249883497,253631750,257436226,261297769,265217236,269195494,273233427,277331928,281491907,285714286,290000000,"SCADA, organic Rankine cycle turbine systems, geothermal monitoring",Low,3,50.760828976848394,50760.828976848396
Brookfield Renewable Corp (BEPC),Clean Tech,2011,5870,118000000.0,1500000000.0,5.0,0,12209600,962582779,972208607,981930693,991750000,1004560803,1014606411,1024752475,1035000000,930000000,963360000,1043640000,985000000,"SCADA grid monitoring, asset management software",Low,2,19.329052548814047,19329.05254881405
Fluence Energy Inc (FLNC),Clean Tech,2018,1670,184000000.0,30000000.0,-3.0,15,3473600,401800000,487900000,545300000,615000000,420000000,510000000,570000000,1200000000,364000000,442000000,494000000,1000000000,"Fluence IQ optimization software SaaS, battery management systems",Medium,2,105.94196222938739,105941.96222938738
Stem Inc (STEM),Clean Tech,2009,423,39000000.0,5000000.0,-30.0,60,879840,28620140,29478744,30363107,31274000,33078761,34071124,35093258,36146055,36820303,37556709,38307843,39074000,"Athena AI platform, PowerTrack solar monitoring software",High,2,88.65248226950355,88652.48226950355
Cisco Systems Inc (CSCO),Tech,1984,86200,9300000000.0,1400000000.0,18.4,35,179296000,11390375291,11618182797,11850546453,12087557382,12329308530,12575894700,12827412594,13083960846,13345640063,13612552864,13884803922,14162500000,"IOS/IOS-XE, Webex, Cisco Networking Cloud, AI infrastructure",High,4,207.47813671247545,207478.13671247545
International Business Machines Corp (IBM),Tech,1911,293400,7000000000.0,1400000000.0,15.7,55,610272000,13299900000,14537100000,14846400000,19176600000,13491250000,14746250000,15060000000,19452500000,14500000000,16528500000,16300000000,20201500000,"watsonx AI, Red Hat OpenShift, IBM Cloud, mainframe systems",High,4,45.881180850506006,45881.180850506
Texas Instruments Inc (TXN),Tech,1930,33000,2122000000.0,2900000000.0,28.3,5,68640000,4204560000,4379750000,4467345000,4467345000,3753600000,3910000000,3988200000,3988200000,4243200000,4420000000,4508400000,4508400000,"fab manufacturing systems, analog/embedded chip design tools",High,2,61.82983682983683,61829.83682983683
Qualcomm Inc (QCOM),Tech,1985,52000,9000000000.0,1000000000.0,12.5,5,108160000,8417700000,8775900000,9134100000,9492300000,9156070000,9545690000,9935310000,10324930000,10406740000,10849580000,11292420000,11735260000,"Snapdragon chip design tools, fabless semiconductor R&D platforms",High,2,166.42011834319527,166420.11834319527
Advanced Micro Devices (AMD),Tech,1969,31000,7621000000.0,600000000.0,12.5,10,64480000,6256168255,6443853303,6637168902,6836283969,7041372488,7252613663,7470192073,7694297835,7925126770,8162880573,8407766990,8660000000,"TSMC fab partnership, EPYC/Ryzen/Instinct chip design EDA tools",High,2,236.3833746898263,236383.3746898263
Broadcom Inc (AVGO),Tech,1991,55369,11502000000.0,800000000.0,33.0,15,115167520,10377055382,10792137597,11223823101,11672776025,12139687066,12625274549,13130285530,13655496952,14201716830,14769785503,15360576923,15975000000,"VMware Cloud Foundation, custom AI accelerators/XPUs, Ethernet switching silicon",High,3,299.61572498912886,299615.7249891289
NetApp Inc (NTAP),Tech,1992,11700,1010000000.0,168000000.0,18.1,25,24336000,1472211706,1486933823,1501803161,1516821193,1531989405,1547309299,1562782392,1578410216,1594194318,1610136261,1626237624,1642500000,"ONTAP storage OS, BlueXP, hybrid cloud data management software",Medium,3,124.5069033530572,124506.90335305719
Pure Storage Inc (PSTG),Tech,2009,6400,634000000.0,75000000.0,3.4,30,13312000,546940000,582610000,618280000,630170000,644000000,686000000,728000000,742000000,665700000,776650000,824200000,840050000,"FlashArray, FlashBlade, Fusion, Evergreen//One storage-as-a-service",High,4,190.50480769230768,190504.8076923077
Synopsys Inc (SNPS),Tech,1986,27969,2804000000.0,100000000.0,15.0,5,58175520,1699988800,1725488632,1751370961,1777641525,1804306148,1831370741,1858841302,1886723921,1915024780,1943750152,1972906404,2002500000,"EDA software, Fusion Compiler, semiconductor IP, AI-driven chip design tools",High,4,192.79587015294405,192795.87015294406
Dell Technologies Inc (DELL),Tech,1984,97000,5734000000.0,2200000000.0,3.0,30,201760000,22506220000,24552240000,25575250000,29667290000,19453500000,21222000000,22106250000,25643250000,21024740000,22936080000,23891750000,27714430000,"PowerEdge servers, VxRail, AI server manufacturing systems",Medium,3,85.25971451229184,85259.71451229183
HP Inc (HPQ),Tech,1939,58000,2212000000.0,400000000.0,5.5,20,120640000,13086950527,13152385280,13218147207,13284237943,13350659132,13417412428,13484499490,13551921988,13619681597,13687780005,13756218905,13825000000,"3D printing platforms, PC/printer manufacturing systems, AI PCs",Medium,3,55.00663129973475,55006.63129973475
Accenture plc (ACN),Tech,1989,779000,5574000000.0,600000000.0,11.0,15,1620320000,14313975225,14571626779,14833916061,15100926550,15372743228,15649452606,15931142753,16217903323,16509825583,16807002443,17109528487,17417500000,"generative AI/agentic AI platforms, cloud migration tools, SAP/Salesforce implementation",High,3,10.320183667423718,10320.183667423718
Arista Networks Inc (ANET),Tech,2004,5115,1261000000.0,80000000.0,39.0,10,10639200,1318545000,1406448000,1494351000,1640856000,1575697500,1680744000,1785790500,1960868000,1955310000,2150841000,2411549000,2488000000,"Extensible Operating System (EOS), AI/cloud networking switches",High,2,237.04789833822093,237047.89833822093
Western Digital Corp (WDC),Tech,1970,22641,515000000.0,300000000.0,25.7,15,47093280,1840000000,1840000000,1840000000,1840000000,1840000000,1840000000,1840000000,1840000000,1840000000,1840000000,1840000000,1840000000,"HDD/SSD manufacturing systems, cloud data center storage platforms",Medium,2,21.8714856981718,21871.4856981718
Seagate Technology Holdings (STX),Tech,1979,20000,546000000.0,250000000.0,16.2,10,41600000,1624480000,1772160000,1919840000,2067520000,1441220000,1572240000,1703260000,1834280000,2001340000,2183280000,2365220000,2547160000,"HAMR/SMR HDD manufacturing, Mozaic 3+ platform, factory AI",Medium,3,39.375,39375.0
Marvell Technology Inc (MRVL),Tech,1995,7042,2460000000.0,150000000.0,8.0,5,14647360,1420704000,1479900000,1479900000,1539096000,1321848000,1376925000,1376925000,1432002000,1968000000,2050000000,2050000000,2132000000,"custom ASIC/silicon design, data center interconnect, AI chip design platforms",High,3,503.84506149913705,503845.061499137
Cadence Design Systems (CDNS),Tech,1988,11081,1695000000.0,100000000.0,26.0,10,23048480,940696780,981596640,1022496500,1145196080,1067490720,1113903360,1160316000,1299553920,1218254570,1271222160,1324189750,1483092520,"EDA software, Millennium M1 digital twin platform, AI chip design tools",High,3,220.62192387524036,220621.92387524035
Analog Devices Inc (ADI),Tech,1965,24500,1766000000.0,400000000.0,18.0,5,50960000,2953329360,3014857055,3137912445,3199440140,2262517680,2309653465,2403925035,2451060820,2644729680,2699828215,2810025285,2865123820,"analog/mixed-signal IC design tools, MEMS fabrication systems",High,2,69.30926216640502,69309.26216640502
Garmin Ltd (GRMN),Tech,1989,23000,725000000.0,270000000.0,23.0,15,47840000,1215957285,1381769641,1437040427,1492311213,1386191304,1575217391,1638226087,1701234783,1594120000,1811500000,1883960000,1956420000,"GPS/satellite navigation systems, smartwatch firmware, GNSS chipsets",Medium,3,45.464046822742475,45464.04682274247
Motorola Solutions Inc (MSI),Tech,1928,23800,1120000000.0,200000000.0,15.0,5,49504000,2251936509,2296975240,2342914744,2389773039,2437568500,2486319870,2536046268,2586767193,2638502537,2691272587,2745098039,2800000000,"land mobile radio (LMR) systems, command center AI/video analytics, Avigilon platform",Medium,3,67.87330316742081,67873.30316742082
Applied Materials Inc (AMAT),Tech,1967,36500,3972000000.0,1200000000.0,24.7,2,75920000,7092500000,7092500000,7092500000,7092500000,7092500000,7092500000,7092500000,7092500000,7092500000,7092500000,7092500000,7092500000,"semiconductor wafer fabrication equipment, ALD/CVD/PVD/etch systems",Medium,2,104.63645943097998,104636.45943097999
Lam Research Corp (LRCX),Tech,1980,19000,2397000000.0,250000000.0,29.1,2,39520000,4008558680,4182843840,4444271580,4792841900,3428238780,3577292640,3800873430,4098981150,4240185930,4424541840,4701075705,5069787525,"plasma etch/deposition semiconductor equipment, 3D NAND fabrication tools",Medium,2,121.30566801619433,121305.66801619434
KLA Corporation (KLAC),Tech,1975,15000,1581000000.0,200000000.0,33.4,2,31200000,3040000000,3040000000,3040000000,3040000000,3040000000,3040000000,3040000000,3040000000,3040000000,3040000000,3040000000,3040000000,process control/inspection/metrology semiconductor equipment,Medium,1,50.67307692307692,50673.07692307692
Logitech International SA (LOGI),Tech,1981,8200,319000000.0,40000000.0,14.4,35,17056000,1138750000,1138750000,1138750000,1138750000,1138750000,1138750000,1138750000,1138750000,1138750000,1138750000,1138750000,1138750000,"peripheral hardware design tools, Logitech G gaming software",Medium,2,37.406191369606006,37406.19136960601
Teradyne Inc (TER),Tech,1960,6600,644000000.0,150000000.0,18.0,3,13728000,947500000,947500000,947500000,947500000,947500000,947500000,947500000,947500000,947500000,947500000,947500000,947500000,"automated semiconductor test systems, collaborative robotics (AMRs)",Medium,2,93.82284382284382,93822.84382284382
Keysight Technologies Inc (KEYS),Tech,2014,14500,896000000.0,150000000.0,14.0,10,30160000,1245000000,1245000000,1245000000,1245000000,1245000000,1245000000,1245000000,1245000000,1245000000,1245000000,1245000000,1245000000,"electronic measurement/test equipment, RF/microwave test solutions, software/services ARR platform",Medium,3,89.12466843501326,89124.66843501326
Skyworks Solutions Inc (SWKS),Tech,1962,10000,786000000.0,150000000.0,11.7,5,20800000,1240824000,1193100000,1145376000,1193100000,1086280000,1044500000,1002720000,1044500000,1062594000,1021725000,980856000,1021725000,"RF front-end modules, GaAs power amplifier fabrication, 5G chipsets",Medium,3,113.36538461538461,113365.38461538461
Qorvo Inc (QRVO),Tech,2015,7500,744000000.0,200000000.0,1.5,3,15600000,856737051,821039674,910283117,981677871,904800000,867100000,961350000,1036750000,911839040,968828980,968828980,869474000,"RF filters/amplifiers, GaAs/GaN fabrication, 5G RF front-end modules",Medium,3,143.07692307692307,143076.92307692306
Polestar Automotive Holding (PSNY),Clean Tech,2017,1686,244000000.0,150000000.0,-35.0,20,3506880,418000000,456000000,475000000,551000000,429000000,468000000,487500000,565500000,608000000,732600000,805860000,903540000,"EV battery management systems, Android Automotive OS, OTA software updates",Medium,3,208.73254859019983,208732.54859019982
Blink Charging Co (BLNK),Clean Tech,2009,320,19000000.0,8000000.0,-80.0,25,665600,37962000,36556000,33744000,32338000,33490800,32250400,29769600,28529200,27547200,26016800,27000000,22956000,"Blink Network cloud platform, OCPP-compliant charging software, IQ 200/Series 8 hardware",Medium,3,85.63701923076923,85637.01923076922
American Superconductor Corp (AMSC),Clean Tech,1987,569,27000000.0,10000000.0,2.0,5,1183520,24646600,26887200,28007500,32488700,31083300,34191630,38336070,42028000,46848900,51533790,57780310,66655000,"Gridtec grid systems, Windtec turbine controls, Marinetec ship protection systems",Medium,3,68.43990807083954,68439.90807083953
Ballard Power Systems Inc (BLDP),Clean Tech,1979,700,45000000.0,5000000.0,-100.0,5,1456000,20944444,20138889,19333333,20138889,14618400,15836600,14756000,27289000,14953950,18277050,32501000,33268000,"PEM fuel cell stack design, membrane electrode assembly R&D platforms",High,2,61.81318681318681,61813.18681318681
ON Semiconductor Corp (ON),Tech,1999,22670,779000000.0,700000000.0,5.0,5,47153600,2145810512,2063279338,2022013751,2022013751,1841320000,1770500000,1735090000,1735090000,1558700000,1498750000,1468775000,1468775000,"SiC/GaN power semiconductor fabrication, automotive/industrial chip design",Medium,2,33.0409555155916,33040.955515591595
Monolithic Power Systems Inc (MPWR),Tech,1997,4501,391000000.0,100000000.0,20.0,5,9362080,418846560,446162640,473478720,482584080,507633000,540739500,573846000,584881500,641805570,683662455,725519340,739471635,"analog/mixed-signal power IC design, DC-DC converter fabless manufacturing",Medium,2,83.52844666997078,83528.44666997077
Booz Allen Hamilton Holding Corp (BAH),Tech,1914,32500,912000000.0,150000000.0,6.5,5,67600000,2172112629,2226415445,2282075831,2339127727,2397605920,2457546068,2518984720,2581959338,2646508321,2712671029,2780487805,2850000000,"AI/ML platforms for defense, cyber/zero-trust solutions, multi-cloud government IT",High,3,40.47337278106509,40473.37278106509
Leidos Holdings Inc (LDOS),Tech,1969,47000,1018000000.0,150000000.0,7.0,3,97760000,3619000000,3773000000,3927000000,4081000000,3769400000,3929800000,4090200000,4250600000,3987950000,4157650000,4327350000,4497050000,"trusted mission AI, cyber operations platforms, digital modernization tools",High,3,31.23977086743044,31239.77086743044
CACI International Inc (CACI),Tech,1962,27000,450000000.0,80000000.0,6.0,3,56160000,1714825760,1757696404,1801638814,1846679784,1892846779,1940167948,1988672147,2038388951,2089348675,2141582391,2195121951,2250000000,"C4ISR systems, signals intelligence platforms, cyber/electronic warfare technology",High,3,24.03846153846154,24038.46153846154
Zebra Technologies Corp (ZBRA),Tech,1969,10700,614000000.0,60000000.0,10.0,10,22256000,1250371586,1262875302,1275504055,1288259095,1301141686,1314153103,1327294634,1340567581,1353973256,1367512989,1381188119,1395000000,"barcode scanners, RFID readers, mobile computers, machine vision systems",Medium,4,110.35226455787203,110352.26455787203
"Envestnet Inc (Private, fka NYSE:ENV)",FinTech,1999,2779,195000000.0,20000000.0,3.0,100,5780320,261385488,266613197,271945461,277384371,282932058,288590699,294362513,300249763,306254759,312379854,318627451,325000000,"Tamarac platform, Yodlee data aggregation (sold 2025), AI-driven advisory tools",High,3,101.20546959337891,101205.4695933789
LendingTree Inc (TREE),FinTech,1996,926,179000000.0,10000000.0,2.0,100,1926080,250970641,253480347,256015151,258575302,261161055,263772666,266410393,269074496,271765241,274482894,277227723,280000000,"AWS, online loan marketplace matching algorithms, MyLendingTree app",Medium,3,278.80461870742647,278804.6187074265
LendingClub Corp (LC),FinTech,2006,1075,140000000.0,15000000.0,6.0,100,2236000,188600000,196800000,205000000,229600000,195500000,204000000,212500000,238000000,229770000,239760000,249750000,279720000,"AWS, bank-as-a-service core systems, AI underwriting models",High,3,187.83542039355993,187835.42039355994
Q2 Holdings Inc (QTWO),FinTech,2004,2549,159000000.0,20000000.0,4.8,100,5301920,143031250,152359375,158578125,167906250,159185000,174590000,179725000,183000000,181846000,199444000,205310000,208200000,"AWS, Helix core processing platform, Q2 Innovation Studio API/SDK",High,3,89.96740803331623,89967.40803331623
Etsy Inc (ETSY),Consumer Tech,2005,2375,519000000.0,30000000.0,12.0,100,4940000,632269770,632269770,632269770,852189690,631732950,631732950,631732950,851466150,663320000,663320000,663320000,894040000,"AWS, marketplace search/recommendation algorithms, AI listing tools",High,3,315.18218623481783,315182.18623481784
Wix.com Ltd (WIX),Consumer Tech,2006,7500,318000000.0,30000000.0,22.2,100,15600000,358446237,374030856,389615475,436369332,405044248,422654867,440265487,493097345,457700000,477600000,497500000,557200000,"Cloudflare, Ruby, AI website builder (Wix Harmony), Velo dev platform",High,4,81.53846153846153,81538.46153846153
Fiverr International Ltd (FVRR),Consumer Tech,2010,762,95000000.0,8000000.0,4.0,100,1584960,85680000,87465000,89250000,94605000,95424000,97412000,99400000,105364000,102576000,104713000,106850000,113261000,"AWS, Fiverr Go AI platform, marketplace matching algorithms",High,3,179.8152634766808,179815.2634766808
Upwork Inc (UPWK),Consumer Tech,2015,630,142000000.0,10000000.0,14.6,100,1310400,180810000,184500000,184500000,188190000,188478500,192325000,192325000,196171500,193011000,196950000,196950000,200889000,"AWS, freelance marketplace matching algorithms, AI talent-matching tools",High,3,325.09157509157507,325091.57509157504
Cars.com Inc (CARS),Consumer Tech,1998,2309,119000000.0,30000000.0,8.0,100,4802720,162720000,166110000,169500000,179670000,167520000,171010000,174500000,184970000,180288000,185922000,181600000,197190000,"AWS, AccuTrade ML appraisal tools, VIN Performance Media AI",High,3,74.33287803577973,74332.87803577972
Angi Inc (ANGI),Consumer Tech,1995,2000,159000000.0,20000000.0,6.0,100,4160000,368378812,347913323,327447833,320626003,303580247,316136364,295111111,275172278,245900000,278200000,265600000,270300000,"AWS, homeowner-pro matching algorithms, mobile app platform",Medium,3,114.66346153846153,114663.46153846153
Freshworks Inc (FRSH),Enterprise Tech,2010,4500,185000000.0,15000000.0,21.9,100,9360000,140161520,146125840,152090160,158054480,169298700,176502900,183707100,190911300,197120115,205508205,213896295,222284385,"AWS, AI agentic customer service platform, Freshdesk/Freshservice",High,3,59.294871794871796,59294.8717948718
Five9 Inc (FIVN),Enterprise Tech,2001,2910,230000000.0,20000000.0,5.0,100,6052800,216670000,225890000,235110000,244330000,242285000,252595000,262905000,273215000,270038500,281529500,293020500,304511500,"AWS, Intelligent CX Platform, AI agents/agent-assist tools",High,3,113.99682791435369,113996.8279143537
Paylocity Holding Corp (PCTY),Enterprise Tech,1997,6700,208000000.0,40000000.0,14.0,100,13936000,257309942,292397661,304093567,315789474,308771930,350877193,364912281,378947368,352000000,400000000,416000000,432000000,"AWS, cloud-based payroll/HCM platform, Paylocity for Finance spend management",High,3,44.776119402985074,44776.119402985074
Payoneer Global Inc (PAYO),FinTech,2005,2375,148000000.0,20000000.0,10.0,100,4940000,199327041,207809043,216291045,224773046,229226097,238980399,248734701,258489003,243398400,263681600,271000000,281920000,"AWS, multi-currency payment infrastructure, working capital algorithms",High,3,89.87854251012146,89878.54251012146
Remitly Global Inc (RELY),FinTech,2011,2800,314000000.0,25000000.0,4.2,100,5824000,212464125,226628400,240792675,264399800,284391675,303351120,322310565,353909640,367908075,392435280,416962485,457841160,"AWS, cross-border payments app, AI fraud/risk/pricing models",High,3,161.7445054945055,161744.5054945055
Nextpower Inc (fka Nextracker) (NXT),Clean Tech,2013,1300,186000000.0,60000000.0,16.0,2,2704000,418000000,456000000,494000000,532000000,609900000,670890000,752210000,737000000,703590000,793410000,679000000,924000000,"TrueCapture AI yield management, NX Navigator monitoring, robotics/AI division",Medium,3,206.36094674556213,206360.94674556213
Radware Ltd (RDWR),Cybersecurity,1997,1296,66000000.0,8000000.0,8.0,60,2695680,62816000,64779000,68705000,65000000,64608000,68646000,68646000,73000000,72100000,74200000,75300000,80000000,"cloud DDoS/WAF/API security, LLM Firewall, AI-powered bot management",High,3,73.4508547008547,73450.8547008547
"SecureWorks Corp (Private, fka NASDAQ:SCWX)",Cybersecurity,1999,1181,66000000.0,10000000.0,-5.0,70,2456480,103030810,100970194,98950790,96971775,95032339,93131692,91269058,89443677,87654804,85901708,84183673,82500000,"Taegis XDR platform, Counter Threat Unit (CTU) threat intelligence",High,2,53.735426301048655,53735.426301048654
A10 Networks Inc (ATEN),Cybersecurity,2004,494,60000000.0,10000000.0,15.0,20,1027520,67000198,67670200,68346902,69030371,69720675,70417881,71122060,71833281,72551614,73277130,74009901,74750000,"application delivery controllers (ADC), DDoS protection, CGNAT appliances",Medium,3,175.17907194020555,175179.07194020555
OneSpan Inc (OSPN),Cybersecurity,1989,750,39000000.0,5000000.0,30.0,60,1560000,63478620,57600970,56425440,57600970,64800000,56256000,60944000,61200000,63400000,57536000,59334000,62930000,"Digipass authenticators, digital agreement/e-signature platform, mobile app security SDKs",Medium,3,75.0,75000.0
dLocal Limited (DLO),FinTech,2016,1274,168000000.0,15000000.0,15.0,100,2649920,189635585,195324653,201184392,207219924,213436522,219839617,226434806,233227850,240224686,247431426,254854369,262500000,"One dLocal platform, pay-in/pay-out APIs, emerging markets payment rails",High,3,190.19442096365174,190194.42096365173
Paysafe Limited (PSFE),FinTech,1996,3510,209000000.0,40000000.0,-8.0,90,7300800,314253255,323680853,333391279,343393017,353694807,364305652,375234821,386491866,398086622,410029220,422330097,435000000,"Skrill/NETELLER digital wallets, paysafecard, MoonPay crypto/stablecoin integration",High,3,85.8809993425378,85880.9993425378
EverCommerce Inc (EVCM),FinTech,2016,1800,100000000.0,10000000.0,1.0,85,3744000,134393204,134393204,137135922,142621359,135840000,140500000,144330000,144330000,141760000,148000000,150620000,150620000,"EverPro/EverHealth/EverWell SaaS suites, integrated payments, AI tools (ZyraTalk)",High,3,80.12820512820512,80128.20512820513
Flywire Corp (FLYW),FinTech,2009,1400,108000000.0,10000000.0,5.0,100,2912000,80818840,72736956,121228260,129310144,114100000,103700000,155210031,111903009,133500000,131900000,198048000,214552000,"global payments platform, proprietary payment network, vertical-specific software (StudyLink)",High,3,111.26373626373626,111263.73626373627
Repay Holdings Corp (RPAY),FinTech,2006,486,44000000.0,8000000.0,-10.0,85,1010880,70137331,70838704,71547091,72262562,72985188,73715040,74452190,75196712,75948679,76708166,77475248,78250000,"integrated payment processing APIs, consumer/B2B payment platform",Medium,2,87.0528648306426,87052.8648306426
Domo Inc (DOMO),Enterprise Tech,2010,888,63000000.0,5000000.0,-25.8,100,1847040,80225000,80225000,80225000,80225000,80250000,80250000,80250000,80250000,79250000,79250000,79250000,79250000,"AI/BI data products platform, embedded analytics (Domo Everywhere), multi-cloud integration",High,3,102.32588357588358,102325.88357588358
Sprinklr Inc (CXM),Enterprise Tech,2009,4343,94000000.0,10000000.0,3.0,100,9033440,141275200,147417600,153560000,171987200,184109000,201926000,207865000,202500000,197346000,216444000,222810000,220600000,"Unified-CXM platform, AI Copilot/agents, social/voice/digital channel orchestration",High,3,31.217343559042845,31217.343559042845
JFrog Ltd (FROG),Enterprise Tech,2008,1800,195000000.0,4000000.0,-13.5,55,3744000,77464204,80760553,84056902,87353251,100327869,108305180,109946167,109946167,122400000,135102000,137149000,137149000,"JFrog Platform (Artifactory, Xray), DevSecOps/MLOps, JFrog ML",High,4,208.33333333333334,208333.33333333334
AppFolio Inc (APPF),Enterprise Tech,2006,1702,143000000.0,15000000.0,12.0,100,3540160,149272000,155624000,161976000,168328000,186590000,194530000,202470000,210410000,217868000,238952000,245980000,248000000,"AppFolio Property Manager, AI-native Performance Platform, agentic AI",High,3,121.18096357226791,121180.96357226791
Yext Inc (YEXT),Enterprise Tech,2006,1150,84000000.0,5000000.0,-6.6,100,2392000,94266667,96190476,96190476,98114286,98980000,101000000,101000000,103020000,103145000,105250000,105250000,107355000,"AI Search/Answers Platform, Knowledge Graph, generative AI search engine",High,3,105.35117056856187,105351.17056856187
8x8 Inc (EGHT),Enterprise Tech,1987,1942,99000000.0,15000000.0,-2.0,100,4039360,159097460,160688434,162295319,163918272,165557455,167213029,168885160,170574011,172279751,174002549,175742574,177500000,"8x8 Work UCaaS, 8x8 Contact Center, Communications APIs (CPaaS)",High,3,73.52649924740552,73526.49924740552
"Dayforce Inc (fka Ceridian, Private - Thoma Bravo)",Enterprise Tech,1992,9000,315000000.0,100000000.0,4.0,100,18720000,359652174,374956522,390260870,405565217,413600000,431200000,448800000,466400000,481800000,489701520,489701520,504540960,"Dayforce HCM platform, AI-driven labor analytics, Dayforce Wallet",High,3,50.48076923076923,50480.769230769234
Bandwidth Inc (BAND),Enterprise Tech,1999,1100,98000000.0,15000000.0,-0.9,100,2288000,152323232,155496633,161843434,165016835,164509091,167936364,174790909,178218182,180960000,184730000,174240000,196040000,"Maestro AI voice platform, AIBridge, CPaaS voice/messaging APIs",High,3,128.4965034965035,128496.50349650349
PagerDuty Inc (PD),Enterprise Tech,2009,1155,117000000.0,5000000.0,-2.0,100,2402400,86207050,89875435,93543821,97212206,101724319,106053014,110381708,114710403,114962000,119854000,124746000,129638000,"PagerDuty Operations Cloud, AIOps, generative AI assistant, incident management",High,4,194.80519480519482,194805.19480519483
Elastic NV (ESTC),Enterprise Tech,2012,4019,408000000.0,20000000.0,4.0,85,8359520,323911532,332009321,340309554,348817293,357537725,366476168,375638072,385029024,394654750,404521118,414634146,425000000,"Elastic Stack (Elasticsearch, Kibana, Beats, Logstash), AI search/observability/security",High,5,244.03315022872127,244033.15022872126
Intel Corporation (INTC),Tech,1968,85100,9513000000.0,15000000000.0,-0.5,5,177008000,13358713317,13345354604,13332009249,13318677240,13305358563,13292053204,13278761151,13265482390,13252216907,13238964690,13225725726,13212500000,"x86 microprocessor fabs, Intel Foundry Services, AI accelerators (Gaudi)",High,3,161.23000090391395,161230.00090391395
Cognex Corp (CGNX),Tech,1981,2745,149000000.0,15000000.0,12.0,5,5709600,204785714,209142857,222214286,235285714,210797000,239292000,234742000,230169000,216036000,249093000,276892000,251979000,"machine vision systems, AI-powered OneVision cloud platform, barcode readers",Medium,3,78.28919714165616,78289.19714165616
Trimble Inc (TRMB),Tech,1978,11500,463000000.0,60000000.0,10.0,40,23920000,930681500,930681500,949675000,987662000,863968000,917966000,917966000,983400000,852416000,905692000,901200000,905692000,"AI-driven Connect & Scale platform, GNSS positioning, AECO/Field Systems software",High,3,58.0685618729097,58068.5618729097
Montrose Environmental Group (now Onterris) (MEG/ONT),Clean Tech,2012,3500,49000000.0,25000000.0,1.0,5,7280000,139280000,151941818,158272727,183596364,157728000,170872000,178700000,189100000,197952000,214448000,224900000,182700000,"environmental monitoring/lab testing systems, emissions measurement technology",Low,2,13.461538461538462,13461.538461538461
Getty Images Holdings Inc (GETY),Consumer Tech,1995,1650,118000000.0,30000000.0,3.0,100,3432000,218344660,227635922,236927184,246218447,222278000,229140000,240480962,265101038,224100000,234882000,240000000,282318000,"visual content marketplace, AI image generation/licensing partnerships",Medium,2,68.76456876456876,68764.56876456876
"Vimeo Inc (Private, fka NASDAQ:VMEO)",Consumer Tech,2004,500,92000000.0,10000000.0,8.0,100,1040000,103390000,105500000,105500000,107610000,101675000,103750000,103750000,105825000,102709200,104265400,105760000,104265400,"AI-powered transcription/captions/translation, cloud video platform",High,2,176.92307692307693,176923.07692307694
"Atlantica Sustainable Infrastructure (Private, fka NASDAQ:AY)",Clean Tech,1995,1378,28000000.0,300000000.0,3.6,0,2866240,190802141,194045777,197344555,200699413,204111303,207581195,211110075,214698946,218348829,222060759,225835792,229675000,"SCADA renewable asset monitoring, grid management systems",Low,2,19.537791671318523,19537.791671318522
Cirrus Logic Inc (CRUS),Tech,1984,1668,570000000.0,20000000.0,22.0,2,3469440,308550942,320892980,333728699,347077847,360960961,375399400,390415376,406031991,422273270,439164201,456730769,475000000,"audio codec/smart amplifier IC design, fabless semiconductor design tools",High,2,328.58328721638077,328583.28721638076
Silicon Laboratories Inc (SLAB),Tech,1996,1930,338000000.0,15000000.0,-5.0,5,4014400,127480258,132579468,137882647,143397953,149133871,155099226,161303195,167755322,174465535,181444157,188701923,196250000,"IoT wireless connectivity SoCs, Bluetooth/Zigbee/Matter chips, fabless semiconductor design",High,3,252.59067357512953,252590.67357512953
Lattice Semiconductor Corp (LSCC),Tech,1983,1174,159000000.0,10000000.0,0.5,3,2441920,130750000,130750000,130750000,130750000,130750000,130750000,130750000,130750000,130750000,130750000,130750000,130750000,"low-power FPGA design tools, AI-enabled programmable logic devices",Medium,2,130.22539640938277,130225.39640938277
MACOM Technology Solutions Holdings (MTSI),Tech,1950,2000,244000000.0,60000000.0,-3.0,2,4160000,142649540,155617680,168585820,181553960,160507160,175098720,189690280,204281840,212796760,232141920,251487080,270832240,"RF/microwave/photonic semiconductor design, GaN technology, 800G/1.6T optical components",High,3,175.96153846153845,175961.53846153844
NXP Semiconductors NV (NXPI),Tech,2006,32169,2208000000.0,400000000.0,15.0,3,66911520,3067250000,3067250000,3067250000,3067250000,3067250000,3067250000,3067250000,3067250000,3067250000,3067250000,3067250000,3067250000,"automotive microcontrollers/radar, secure connectivity ICs, AI-powered edge systems",High,3,98.99640600004304,98996.40600004303
Diodes Incorporated (DIOD),Tech,1959,7989,148000000.0,100000000.0,10.0,3,16617120,267295872,275314749,283574191,292081417,300843859,309869175,319165250,328740208,338602414,348760486,359223301,370000000,"discrete/analog/mixed-signal semiconductor fabrication, MOSFET/SiC design",Medium,2,17.812954350693744,17812.954350693744
Workiva Inc (WK),Enterprise Tech,2008,2880,177000000.0,15000000.0,2.0,100,5990400,168624533,172840146,177161150,181590179,186129933,190783182,195552761,200441580,205452620,210588935,215853659,221250000,"Connected AI Platform, SEC filing/XBRL tagging, GRC and sustainability reporting tools",High,3,88.64182692307692,88641.82692307692
"Model N Inc (Private, fka NYSE:MODN)",Enterprise Tech,1999,497,43000000.0,5000000.0,-3.0,100,1033760,48401481,48885496,49374351,49868094,50366775,50870443,51379147,51892939,52411868,52935987,53465347,54000000,"cloud revenue management platform, pricing/contract/rebate management software",Medium,2,83.19145643089306,83191.45643089306
Vishay Intertechnology Inc (VSH),Tech,1962,22600,184000000.0,200000000.0,4.0,3,47008000,767500000,767500000,767500000,767500000,767500000,767500000,767500000,767500000,767500000,767500000,767500000,767500000,"MOSFET/diode/passive component manufacturing, foil resistor technology",Low,2,7.828454731109598,7828.4547311095985
STMicroelectronics NV (STM),Tech,1987,48000,2124000000.0,1800000000.0,1.4,3,99840000,4495400000,4322500000,4149600000,4322500000,3450200000,3317500000,3184800000,3317500000,2520000000,2923200000,3190000000,3166800000,"microcontrollers, MEMS sensors, silicon carbide/GaN power semiconductors, AI chip design",High,4,85.09615384615384,85096.15384615384
Infineon Technologies AG (IFX),Tech,1999,57000,2385000000.0,2000000000.0,5.0,2,118560000,4964211775,4864927539,4767628989,4672276409,4578830881,4487254263,4397509178,4309558994,4223367814,4138900458,4056122449,3975000000,"power semiconductors, automotive microcontrollers, IoT security chips, SiC/GaN power devices",High,4,80.46558704453442,80465.58704453442
Renesas Electronics Corp (6723.T),Tech,2010,21629,1764000000.0,300000000.0,-1.0,2,44988320,2462756382,2438128818,2413747530,2389610055,2365713954,2342056815,2318636247,2295449884,2272495385,2249770432,2227272727,2205000000,"automotive microcontrollers, R-Car SoC, embedded AI edge processing, Altium PCB design tools",High,4,156.8407088773264,156840.7088773264
Allegro MicroSystems Inc (ALGM),Tech,1990,4250,134000000.0,80000000.0,-1.0,3,8840000,222500000,222500000,222500000,222500000,222500000,222500000,222500000,222500000,222500000,222500000,222500000,222500000,"Hall-effect magnetic sensors, current sensor ICs, motor driver/power management chips",Medium,3,45.47511312217195,45475.11312217195
Power Integrations Inc (POWI),Tech,1988,865,102000000.0,15000000.0,20.0,2,1799200,104466430,108911810,115579880,115579880,98458655,102648385,108932980,108932980,105500000,108780000,115440000,115440000,"PowiGaN gallium-nitride power ICs, InnoSwitch, high-voltage gate drivers for EV/data centers",Medium,3,170.07558915073366,170075.58915073366
CDW Corporation (CDW),Tech,1984,15100,673000000.0,80000000.0,4.8,40,31408000,5023894437,5074133381,5124874715,5176123462,5227884697,5280163544,5332965179,5386294831,5440157779,5494559357,5549504950,5605000000,"IT hardware/software distribution and reselling platforms, cloud/managed services orchestration",Low,2,42.85532348446256,42855.32348446256
Insight Enterprises Inc (NSIT),Tech,1988,14505,247000000.0,40000000.0,2.8,35,30170400,2222793478,2317380435,2411967391,2506554348,2044970000,2131990000,2219010000,2306030000,1938045000,2020515000,2102985000,2185455000,"IT hardware/software distribution, cloud/data center transformation, AI/data analytics consulting",Medium,3,24.56049638055843,24560.49638055843
Avnet Inc (AVT),Tech,1921,14869,440000000.0,100000000.0,1.0,25,30927520,6899589060,6634220250,6368851440,6634220250,6176853540,5939282250,5701710960,5939282250,5720000000,5500000000,5280000000,5500000000,"electronic component distribution platforms, supply chain digital tools, AI investment in demand forecasting",Low,3,42.6804347713622,42680.4347713622
Arrow Electronics Inc (ARW),Tech,1935,22230,617000000.0,80000000.0,1.9,25,46238400,8111950000,8277500000,8443050000,8277500000,6841135000,6980750000,7120365000,6980750000,7558960500,7713225000,7867489500,7713225000,"electronic components/enterprise computing distribution, edge AI SoC supply chain platforms",Low,2,26.687774663483165,26687.774663483164
TD SYNNEX Corporation (SNX),Tech,2021,30000,900000000.0,150000000.0,1.2,30,62400000,12063945586,12305224498,12551328988,12802355568,13058402679,13319570733,13585962147,13857681390,14134835018,14417531719,14705882353,15000000000,"IT product/AI infrastructure distribution platforms, supply chain digital tools",Low,2,28.846153846153847,28846.153846153848
Jabil Inc (JBL),Tech,1966,140000,981000000.0,900000000.0,4.5,5,291200000,6574850345,6706347351,6840474299,6977283784,7116829460,7259166049,7404349370,7552436358,7703485085,7857554787,8014705882,8175000000,"AI/cloud data center server manufacturing, additive manufacturing, automated SMT assembly",Medium,3,10.106456043956044,10106.456043956045
Celestica Inc (CLS),Tech,1996,26000,242000000.0,150000000.0,6.0,2,54080000,1769128167,1929958000,2090787833,2251617667,2208900000,2391900000,2499500000,2549490000,2648600000,2893400000,3194000000,3353700000,"AI/cloud data center manufacturing, advanced electronics manufacturing services (EMS)",Medium,2,8.949704142011834,8949.704142011835
Flex Ltd (FLEX),Tech,1969,150000,516000000.0,500000000.0,3.2,3,312000000,7800000000,7500000000,7200000000,7500000000,6864000000,6600000000,6336000000,6600000000,6208000000,6596000000,6596000000,6400000000,"Cloud and Power Infrastructure (CPI) segment for AI/data centers, advanced manufacturing automation",Medium,2,3.3076923076923075,3307.6923076923076
Pagaya Technologies Ltd (PGY),FinTech,2016,380,103000000.0,10000000.0,-5.0,100,790400,170019080,185475360,200931640,216387920,230207040,249390960,249283000,275669000,282196460,318221540,339887000,347784041,"AI credit underwriting models, network of lending partners, asset-backed securitization platform",High,3,390.9412955465587,390941.2955465587
Green Dot Corp (GDOT),FinTech,1999,1546,201000000.0,30000000.0,3.0,90,3215680,345000000,360000000,382500000,412500000,395600000,412800000,438600000,473000000,462300000,482400000,512550000,552750000,"GoBank mobile banking platform, BaaS (banking-as-a-service) infrastructure, prepaid card processing",High,3,187.51865857299234,187518.65857299234
Telos Corp (TLS),Cybersecurity,1968,450,18000000.0,5000000.0,-15.0,10,936000,29250000,29250000,29250000,29250000,29250000,29250000,29250000,29250000,29250000,29250000,29250000,29250000,"Xacta cybersecurity compliance platform, identity/cloud security solutions, TSA PreCheck enrollment",Medium,3,57.69230769230769,57692.307692307695
"Darktrace Holdings Ltd (Private, fka LSE:DARK)",Cybersecurity,2013,2300,260000000.0,20000000.0,5.0,95,4784000,260000000,260000000,260000000,260000000,260000000,260000000,260000000,260000000,260000000,260000000,260000000,260000000,"ActiveAI Security Platform, self-learning AI/ML threat detection, autonomous response (Antigena)",High,3,163.04347826086956,163043.47826086957
Clearway Energy Inc (CWEN),Clean Tech,2012,1000,45000000.0,200000000.0,2.0,0,2080000,299587982,305579742,311691337,317925163,324283667,330769340,337384727,344132421,351015070,358035371,365196078,372500000,"renewable asset SCADA monitoring, battery storage management systems",Low,2,43.26923076923077,43269.230769230766
Coherent Corp (COHR),Tech,1971,30000,858000000.0,600000000.0,8.0,2,62400000,1191995106,1227754960,1264587608,1302525237,1341600994,1381849024,1423304494,1466003629,1509983738,1555283250,1601941748,1650000000,"photonics/laser manufacturing, optical transceivers for AI datacenters, compound semiconductor fabrication",High,3,41.25,41250.0
MKS Inc (fka MKS Instruments) (MKSI),Tech,1961,10300,393000000.0,100000000.0,10.0,3,21424000,833060000,887390000,923610000,977940000,851000000,906500000,943500000,999000000,903900000,962850000,1002150000,1030000000,"semiconductor process control instruments, Baratron pressure sensors, photonics/laser subsystems",Medium,3,55.03174010455564,55031.74010455564
Entegris Inc (ENTG),Tech,1966,7700,329000000.0,300000000.0,12.0,3,16016000,643410431,656278640,669404213,682792297,696448143,710377106,724584648,739076341,753857868,768935025,784313725,800000000,"CMP slurries/pads, chemical vapor deposition materials, contamination control/filtration for semiconductor fabs",Medium,3,61.62587412587413,61625.87412587413
Ciena Corporation (CIEN),Tech,1992,9080,768000000.0,80000000.0,6.0,5,18886400,965115647,984417960,1004106319,1024188445,1044672214,1065565659,1086876972,1108614511,1130786801,1153402537,1176470588,1200000000,"WaveLogic optical coherent technology, Blue Planet automation software, AI-driven network analytics",High,3,121.99254490003389,121992.54490003388
NCR Voyix Corp (VYX),Tech,1884,13500,261000000.0,60000000.0,0.5,40,28080000,705000000,735000000,765000000,795000000,696960000,722000000,740520000,740520000,603260000,666000000,661640000,681100000,"Voyix Commerce Platform, self-checkout/POS terminals, digital banking solutions",Medium,3,27.884615384615383,27884.615384615383
CommScope Holding Company Inc (COMM),Tech,1976,20000,336000000.0,120000000.0,-2.0,10,41600000,1051450000,1051450000,1051450000,1051450000,1051450000,1051450000,1051450000,1051450000,1051450000,1051450000,1051450000,1051450000,"RUCKUS Wi-Fi 7 AI-driven networking, fiber-optic infrastructure, broadband/cable network equipment",Medium,3,24.23076923076923,24230.76923076923
Diebold Nixdorf Inc (DBD),Tech,1859,23000,170000000.0,60000000.0,2.0,10,47840000,782882686,816196843,849511000,882825157,782882686,816196843,849511000,882825157,841100000,843791520,869360960,843791520,"ATM/self-service transaction systems, DN Vynamic Retail Platform, AI predictive diagnostics (Allconnect)",Medium,3,10.660535117056856,10660.535117056856
Unisys Corporation (UIS),Tech,1986,15000,156000000.0,30000000.0,-3.0,15,31200000,492450000,502500000,502500000,512550000,490000000,500000000,500000000,510000000,440160000,467670000,467670000,574500000,"Digital Workplace Solutions, Cloud/Applications/Infrastructure Solutions, AI-enabled service desk",Medium,3,15.0,15000.0
Itron Inc (ITRI),Clean Tech,1977,5788,237000000.0,40000000.0,9.5,5,12039040,521671920,532540085,554276415,565144580,585800880,598005065,622413435,634617620,568126560,579962530,603634470,615470440,"smart electricity/gas/water meters, advanced metering infrastructure (AMI), UtilityIQ analytics platform",Medium,3,59.05786507894317,59057.86507894317
Badger Meter Inc (BMI),Clean Tech,1905,2477,72000000.0,30000000.0,14.0,5,5152160,145668524,151495265,157555075,163857278,170411570,177228032,184317154,191689840,199357433,207331731,215625000,224250000,"BEACON Advanced Metering Analytics, IoT cellular/fixed-network water meters, smart water management",Medium,3,41.924163845843296,41924.16384584329
Roper Technologies Inc (ROP),Enterprise Tech,1981,19400,948000000.0,60000000.0,20.0,75,40352000,1451783000,1513561000,1575339000,1637117000,1654212000,1724604000,1794996000,1865388000,1857087500,1936112500,2015137500,2094162500,"vertical software portfolio (Deltek, Vertafore, DAT Solutions), AI-first operating models, niche market SaaS",High,5,117.46629659000793,117466.29659000793
Manhattan Associates Inc (MANH),Enterprise Tech,1990,4390,173000000.0,10000000.0,20.0,85,9131200,218250375,227537625,236824875,246112125,244952720,255376240,265799760,276223280,254127120,264941040,275754960,286568880,"Manhattan Active supply chain/omnichannel cloud platform, warehouse management, AI-driven inventory optimization",High,3,56.83809356930086,56838.09356930086
PTC Inc (PTC),Enterprise Tech,1985,7642,548000000.0,20000000.0,15.0,70,15895360,494714090,509555513,524842178,540587444,556805067,573509219,590714496,608435930,626689008,645489679,664854369,684800000,"Creo 3D CAD with AI guidance, Windchill PLM, ThingWorx IIoT platform, ServiceMax field service",High,4,137.9018782839772,137901.8782839772
Tyler Technologies Inc (TYL),Enterprise Tech,1966,7271,230000000.0,30000000.0,3.0,90,15123680,459143614,478681640,498219666,517757692,502900000,524300000,545700000,567100000,534688000,586432000,603680000,575200000,"cloud-based public sector SaaS (appraisal/tax, courts, ERP, public safety), AI-driven citizen services",High,5,76.03969404271976,76039.69404271976
"Aspen Technology Inc (Private, fka NASDAQ:AZPN)",Enterprise Tech,1981,4067,240000000.0,10000000.0,15.0,60,8459360,194874279,202669251,210776021,219207062,227975344,237094358,246578132,256441257,266698908,277366864,288461538,300000000,"aspenONE Engineering/Manufacturing/Asset Performance Management platforms, AI-driven process optimization",High,2,56.741881182500805,56741.8811825008
Veeva Systems Inc (VEEV),Enterprise Tech,2007,7928,549000000.0,30000000.0,22.0,100,16490240,496122812,511006496,526336691,542126792,558390595,575142313,592396583,610168480,628473535,647327741,666747573,686750000,"Vault Platform (clinical/regulatory/quality/commercial), CRM Suite, AI Falcon agentic platform",High,3,99.87726073119615,99877.26073119615
nCino Inc (NCNO),FinTech,2012,1600,134000000.0,10000000.0,1.0,100,3328000,110169245,113474322,116878552,120384908,123996455,127716349,131547840,135494275,139559103,143745876,148058252,152500000,"nCino Platform (cloud banking OS), AI-driven loan origination, deposit account opening, CRA/analytics",High,4,161.05769230769232,161057.6923076923
Cognizant Technology Solutions (CTSH),Tech,1994,335000,788000000.0,300000000.0,10.0,20,696800000,3557924787,3664662531,3774602407,3887840479,4004475693,4124609964,4248348263,4375798711,4507072672,4642284852,4781553398,4925000000,"AI-first technology services, digital transformation, cloud migration, AI Hub",High,4,4.52353616532721,4523.536165327209
Infosys Ltd (INFY),Tech,1981,315000,772000000.0,400000000.0,17.5,15,655200000,3485682660,3590253139,3697960734,3808899556,3923166542,4040861538,4162087385,4286950006,4415558506,4548025262,4684466019,4825000000,"Cobalt cloud platform, AI-First strategy, Topaz AI suite, digital transformation services",High,4,4.713064713064713,4713.064713064713
DXC Technology Company (DXC),Tech,2017,100000,516000000.0,200000000.0,2.0,25,208000000,2329808617,2399702876,2471693962,2545844781,2622220124,2700886728,2781913330,2865370730,2951331851,3039871807,3131067961,3225000000,"cloud and security services, analytics/AI platforms, enterprise IT modernization",Medium,3,7.4423076923076925,7442.307692307692
Globant SA (GLOB),Tech,2003,27000,214000000.0,30000000.0,8.0,20,56160000,484022255,498542923,513499211,528904187,544771313,561114452,577947886,595286322,613144912,631539259,650485437,670000000,"AI/digital transformation consulting, StarMeUp culture platform, GlobantX talent platform",High,3,11.431623931623932,11431.623931623932
Zuora Inc (ZUO),Enterprise Tech,2007,2000,102000000.0,8000000.0,3.0,100,4160000,83981473,86500918,89095945,91768823,94521888,97357545,100278271,103286619,106385218,109576774,112864078,116250000,"subscription management platform, RevPro revenue recognition, Zephr paywall platform",High,3,73.5576923076923,73557.69230769231
NetScout Systems Inc (NTCT),Cybersecurity,1984,2300,157000000.0,15000000.0,5.0,20,4784000,157126628,161840426,166695639,171696508,176847404,182152826,187617411,193245933,199043311,205014610,211165049,217500000,"nGeniusONE network management, Arbor DDoS/threat intelligence, AI-driven Adaptive Service Intelligence (ASI)",Medium,3,98.45317725752508,98453.17725752508
