firm_llc_id,sector,founded_year,employees_fte,annual_tech_spend,capital_invested,profit_margin_percent,online_revenue_share_percent,total_quarterly_labor_hours,quarterly_revenue_2023_Q1,quarterly_revenue_2023_Q2,quarterly_revenue_2023_Q3,quarterly_revenue_2023_Q4,quarterly_revenue_2024_Q1,quarterly_revenue_2024_Q2,quarterly_revenue_2024_Q3,quarterly_revenue_2024_Q4,quarterly_revenue_2025_Q1,quarterly_revenue_2025_Q2,quarterly_revenue_2025_Q3,quarterly_revenue_2025_Q4,tech_tools_list,tools_frequency_of_use
Upwork (UPWK),Tech,2015,"2,100,000",$85M,$50M,3.50%,100%,"336,000,000","503,600,000","508,400,000","515,700,000","526,300,000","510,900,000","499,300,000","515,000,000","530,000,000","545,000,000","560,000,000",0,0,"AWS, React, Python, Kafka, PostgreSQL, DataDog, Splunk, GitHub, Jira",High
BigCommerce (BIGC),Tech,2009,"2,300,000",$120M,$65M,-6.20%,100%,"368,000,000","72,000,000","75,400,000","78,000,000","84,200,000","80,400,000","84,300,000","88,000,000","92,500,000","96,000,000","100,000,000",0,0,"AWS, Google Cloud, PHP, React, Kubernetes, MySQL, New Relic, GitLab",High
Jamf Holding (JAMF),Tech,2002,"2,800,000",$95M,$40M,-5.80%,100%,"448,000,000","140,800,000","150,100,000","150,600,000","150,900,000","152,100,000","156,700,000","160,000,000","163,000,000","166,000,000","169,000,000",0,0,"AWS, Azure, Python, Swift, Kafka, PostgreSQL, Jenkins, Jira",High
Asana (ASAN),Tech,2008,"1,900,000",$110M,$70M,-34.00%,100%,"304,000,000","152,400,000","162,500,000","166,500,000","171,100,000","171,400,000","172,900,000","176,000,000","180,000,000","184,000,000","188,000,000",0,0,"Proprietary ""Luna"" DB, React, TypeScript, AWS, Kafka, Presto, Figma, GitHub",High
Array Technologies (ARRY),Tech,1989,"1,400,000",$18M,$25M,7.10%,15%,"224,000,000","376,000,000","500,600,000","350,400,000","341,600,000","153,400,000","326,400,000","360,000,000","400,000,000","220,000,000","380,000,000",0,0,"SAP, SolidWorks, Salesforce, Tableau, Python, AWS IoT",Medium
Shoals Technologies (SHLS),Tech,1996,"1,200,000",$12M,$40M,21.50%,10%,"192,000,000","105,200,000","134,600,000","119,900,000","130,400,000","90,400,000","79,100,000","85,000,000","95,000,000","100,000,000","110,000,000",0,0,"AutoCAD, PLM systems, SAP, Salesforce, AWS",Low-Medium
FuelCell Energy (FCEL),Tech,1969,"1,000,000",$20M,$30M,-20.00%,0%,"520,000","22,200,000","25,100,000","28,400,000","30,100,000","32,500,000","35,200,000","38,000,000","40,500,000","43,000,000","45,800,000",0,0,"AWS, Python, MATLAB, Simulink, ANSYS, SolidWorks",Medium
Desktop Metal (DM),Tech,2015,"800,000",$25M,$40M,-15.50%,20%,"416,000","45,300,000","48,100,000","50,200,000","52,600,000","54,800,000","57,200,000","59,500,000","62,000,000","64,500,000","67,200,000",0,0,"SolidWorks, ANSYS, Python, AWS, Kubernetes, GitLab",High
Proto Labs (PRLB),Tech,1999,"2,100,000",$18M,$22M,8.20%,85%,"1,092,000","122,400,000","125,600,000","128,900,000","131,200,000","133,500,000","136,800,000","139,100,000","142,400,000","145,700,000","149,100,000",0,0,"AWS, Python, CAD/CAM, SAP, Tableau, Jira",High
iRhythm Technologies (IRTC),Tech,2006,"1,400,000",$30M,$45M,-12.30%,90%,"728,000","110,500,000","115,200,000","119,800,000","124,500,000","129,300,000","134,200,000","139,100,000","144,000,000","149,000,000","154,100,000",0,0,"AWS, Python, TensorFlow, PostgreSQL, React, GitHub",High
Cloudflare (NET),Tech,2009,"3,500,000",$150M,$200M,-5.80%,100%,"1,820,000","290,100,000","305,400,000","320,800,000","336,500,000","352,300,000","368,200,000","384,300,000","400,500,000","417,000,000","433,700,000",0,0,"Proprietary CDN, Rust, Go, Kubernetes, PostgreSQL, DataDog",High
Fastly (FSLY),Tech,2011,"1,300,000",$80M,$100M,-18.50%,100%,"676,000","102,500,000","108,300,000","114,200,000","120,100,000","126,200,000","132,400,000","138,700,000","145,100,000","151,600,000","158,200,000",0,0,"AWS, Terraform, Go, Varnish, New Relic, GitHub",High
MongoDB (MDB),Tech,2007,"5,200,000",$220M,$180M,-7.40%,100%,"2,704,000","368,400,000","388,200,000","408,900,000","430,500,000","452,200,000","474,800,000","498,300,000","522,800,000","547,400,000","573,100,000",0,0,"Proprietary DB, AWS, Kubernetes, Python, DataDog, Jira",High
Zebra Technologies (ZBRA),Tech,1969,"10,500,000",$120M,$150M,10.50%,40%,"5,460,000","1,450,000,000","1,480,000,000","1,510,000,000","1,540,000,000","1,570,000,000","1,600,000,000","1,630,000,000","1,660,000,000","1,690,000,000","1,720,000,000",0,0,"AWS, Java, SAP, Tableau, Salesforce, IoT Edge",Medium
Rockwell Automation (ROK),Tech,1903,"26,000,000",$250M,$300M,13.20%,25%,"13,520,000","2,120,000,000","2,180,000,000","2,240,000,000","2,300,000,000","2,360,000,000","2,420,000,000","2,480,000,000","2,540,000,000","2,600,000,000","2,660,000,000",0,0,"Azure, Python, Ignition, SAP, Tableau, Studio 5000",Medium
Etsy (ETSY),Tech,2005,"2,400,000",$110M,$90M,12.80%,100%,"1,248,000","640,500,000","655,200,000","670,100,000","685,200,000","700,500,000","716,000,000","731,700,000","747,600,000","763,700,000","780,000,000",0,0,"AWS, React, Python, Kafka, PostgreSQL, GitHub",High
Chewy (CHWY),Tech,2011,"21,000,000",$180M,$220M,-2.50%,100%,"10,920,000","2,780,000,000","2,850,000,000","2,920,000,000","2,990,000,000","3,060,000,000","3,130,000,000","3,200,000,000","3,270,000,000","3,340,000,000","3,410,000,000",0,0,"AWS, Java, Kafka, React, Tableau, Jenkins",High
Bloom Energy (BE),Tech,2001,"2,800,000",$95M,$120M,-8.90%,5%,"1,456,000","275,300,000","290,100,000","305,200,000","320,600,000","336,300,000","352,300,000","368,600,000","385,200,000","402,100,000","419,300,000",0,0,"AWS, Python, MATLAB, SolidWorks, SAP, DataDog",Medium
Quanta Services (PWR),Tech,1997,"48,000,000",$350M,$400M,5.80%,10%,"24,960,000","5,120,000,000","5,250,000,000","5,380,000,000","5,510,000,000","5,640,000,000","5,770,000,000","5,900,000,000","6,030,000,000","6,160,000,000","6,290,000,000",0,0,"SAP, Oracle, AutoCAD, AWS, Tableau, GIS tools",Medium
SunPower (SPWR),Tech,1985,"3,000,000",$60M,$80M,-4.20%,30%,"1,560,000","430,500,000","445,200,000","460,100,000","475,200,000","490,500,000","506,000,000","521,700,000","537,600,000","553,700,000","570,000,000",0,0,"AWS, Python, Salesforce, SAP, Tableau, Jira",Medium
Enphase Energy (ENPH),Tech,2006,"3,800,000",$140M,$160M,18.50%,40%,"1,976,000","726,100,000","750,200,000","774,800,000","799,900,000","825,500,000","851,600,000","878,200,000","905,300,000","932,900,000","961,000,000",0,0,"AWS, Python, IoT Stack, PostgreSQL, React, GitHub",High
3D Systems (DDD),Tech,1986,"2,100,000",$35M,$50M,-9.80%,25%,"1,092,000","126,400,000","130,200,000","134,100,000","138,100,000","142,200,000","146,400,000","150,700,000","155,100,000","159,600,000","164,200,000",0,0,"SolidWorks, Python, AWS, SAP, GitLab, Jira",Medium
Stratasys (SSYS),Tech,1989,"2,400,000",$40M,$55M,-6.50%,30%,"1,248,000","162,300,000","167,200,000","172,200,000","177,300,000","182,500,000","187,800,000","193,200,000","198,700,000","204,300,000","210,000,000",0,0,"AWS, Python, CAD, SAP, Tableau, GitHub",Medium
Dexcom (DXCM),Tech,1999,"8,500,000",$200M,$250M,15.30%,20%,"4,420,000","815,600,000","840,100,000","865,200,000","890,900,000","917,200,000","944,100,000","971,600,000","999,700,000","1,028,400,000","1,057,700,000",0,0,"AWS, Python, React, PostgreSQL, DataDog, Jira",High
Insulet (PODD),Tech,2000,"4,200,000",$90M,$110M,9.80%,15%,"2,184,000","395,400,000","407,300,000","419,500,000","432,000,000","444,800,000","457,900,000","471,300,000","485,000,000","499,000,000","513,300,000",0,0,"AWS, Python, SAP, Salesforce, Tableau, GitHub",Medium
Twilio (TWLO),Tech,2008,"7,000,000",$180M,$220M,-12.00%,100%,"3,640,000","1,020,000,000","1,050,000,000","1,080,000,000","1,110,000,000","1,140,000,000","1,170,000,000","1,200,000,000","1,230,000,000","1,260,000,000","1,290,000,000",0,0,"AWS, Node.js, React, Kafka, DataDog, GitHub",High
Plug Power (PLUG),Clean Tech,1997,"3,400",$45M,$120M,-32.50%,5%,"353,600","210,200,000","198,400,000","185,700,000","222,600,000","120,300,000","135,200,000","148,700,000","167,400,000","184,200,000","202,600,000",0,0,"AWS, Python, MATLAB, CAD, SolidWorks",Medium
Sunrun (RUN),Clean Tech,2007,"5,200",$65M,$180M,-8%,25%,"540,800","590,300,000","612,400,000","632,100,000","651,800,000","525,600,000","543,200,000","560,900,000","579,400,000","598,700,000","618,900,000",0,0,"Salesforce, AWS, Python, Tableau, Jira",High
Sunnova (NOVA),Clean Tech,2012,"2,100",$38M,$150M,-22%,30%,"218,400","148,600,000","161,200,000","174,500,000","188,700,000","163,400,000","177,200,000","191,600,000","206,900,000","223,200,000","240,500,000",0,0,"AWS, Salesforce, Python, Tableau",Medium
Sunlight Financial (SUNL),FinTech,2014,320,$12M,$45M,-46%,95%,"33,280","22,400,000","24,800,000","27,300,000","30,100,000","15,600,000","17,200,000","18,900,000","20,800,000","22,900,000","25,200,000",0,0,"AWS, Python, React, PostgreSQL, FastAPI",High
Sunnova (NOVA),Clean Tech,2012,"2,100",$38M,$150M,-22%,30%,"218,400","148,600,000","161,200,000","174,500,000","188,700,000","163,400,000","177,200,000","191,600,000","206,900,000","223,200,000","240,500,000",0,0,"AWS, Salesforce, Python, Tableau",Medium
Palantir (PLTR),Enterprise Tech,2003,"3,800",$180M,$250M,5%,40%,"395,200","525,200,000","533,300,000","558,200,000","608,400,000","634,300,000","642,800,000","652,400,000","664,300,000","676,500,000","689,100,000",0,0,"Proprietary, Python, AWS, Spark, K8s",High
C3.ai (AI),Enterprise Tech,2009,850,$95M,$120M,-31%,100%,"88,400","72,400,000","72,300,000","73,200,000","78,400,000","66,800,000","67,400,000","72,400,000","73,800,000","75,300,000","76,800,000",0,0,"AWS, Python, TensorFlow, PostgreSQL",High
UiPath (PATH),Enterprise Tech,2005,"4,100",$160M,$220M,-9%,100%,"426,400","289,700,000","308,500,000","325,900,000","336,500,000","335,100,000","359,600,000","384,600,000","405,400,000","426,800,000","449,000,000",0,0,".NET, AWS, Azure, Python, React",High
SentinelOne (S),Cybersecurity,"2,013","2,300",$140M,$180M,-43%,100%,"239,200","133,400,000","149,400,000","164,200,000","174,200,000","186,300,000","204,300,000","223,900,000","234,700,000","246,400,000","258,800,000",0,0,"AWS, Go, Python, K8s, PostgreSQL",High
CrowdStrike (CRWD),Cybersecurity,2011,"8,900",$320M,$450M,3%,100%,"925,600","692,600,000","731,600,000","786,000,000","845,300,000","921,000,000","945,800,000","971,300,000","1,030,900,000","1,051,500,000","1,072,500,000",0,0,"AWS, Python, Go, K8s, Kafka",High
Snowflake (SNOW),Enterprise Tech,2012,"6,200",$280M,$350M,-17%,100%,"644,800","623,600,000","674,000,000","734,200,000","774,700,000","828,800,000","869,400,000","911,800,000","957,400,000","1,004,300,000","1,054,500,000",0,0,"Proprietary, AWS, Azure, Python",High
Datadog (DDOG),Enterprise Tech,2010,"5,400",$220M,$280M,8%,100%,"561,600","481,700,000","509,500,000","547,500,000","589,600,000","611,600,000","642,200,000","673,400,000","706,100,000","740,400,000","775,400,000",0,0,"AWS, Go, Python, Kafka, K8s",High
Okta (OKTA),Enterprise Tech,2009,"6,100",$210M,$300M,-15%,100%,"634,400","518,000,000","556,000,000","584,000,000","605,000,000","617,000,000","628,000,000","640,000,000","652,000,000","665,000,000","679,000,000",0,0,"AWS, Java, React, K8s, PostgreSQL",High
DocuSign (DOCU),Enterprise Tech,2003,"7,400",$250M,$320M,3%,100%,"769,600","661,400,000","687,700,000","700,400,000","712,500,000","659,600,000","687,400,000","716,000,000","740,800,000","766,100,000","792,200,000",0,0,"AWS, .NET, React, Kafka, K8s",High
Zoom (ZM),Enterprise Tech,2011,"7,200",$240M,$280M,12%,100%,"748,800","1,105,000,000","1,138,900,000","1,141,800,000","1,127,500,000","1,125,300,000","1,138,800,000","1,152,500,000","1,166,500,000","1,180,800,000","1,195,300,000",0,0,"AWS, Python, React, K8s, PostgreSQL",High
Roku (ROKU),Consumer Tech,2002,"3,600",$180M,$220M,-17%,85%,"374,400","740,500,000","847,200,000","912,000,000","865,300,000","941,000,000","846,000,000","761,000,000","832,000,000","860,000,000","890,000,000",0,0,"AWS, Python, React, Kafka, K8s",High
Unity (U),Enterprise Tech,2004,"8,000",$290M,$350M,-24%,95%,"832,000","500,300,000","533,500,000","544,200,000","609,800,000","486,400,000","447,000,000","457,400,000","403,000,000","410,000,000","418,000,000",0,0,"Proprietary, AWS, Python, Git",High
Roblox (RBLX),Consumer Tech,2004,"2,100",$280M,$400M,-19%,100%,"218,400","655,300,000","680,800,000","713,200,000","749,900,000","801,300,000","835,100,000","869,600,000","905,000,000","941,200,000","978,800,000",0,0,"AWS, Lua, C++, K8s, Redis",High
Twilio (TWLO),Enterprise Tech,2008,"7,000",$180M,$220M,-12%,100%,"728,000","1,020,000,000","1,050,000,000","1,080,000,000","1,110,000,000","1,140,000,000","1,170,000,000","1,200,000,000","1,230,000,000","1,260,000,000","1,290,000,000",0,0,"AWS, Node.js, React, Kafka",High
Bill.com (BILL),FinTech,2006,"3,200",$120M,$180M,-3%,100%,"332,800","272,600,000","295,900,000","319,500,000","318,500,000","296,000,000","299,900,000","304,800,000","310,800,000","316,800,000","323,100,000",0,0,"AWS, Python, React, PostgreSQL",High